file,class
benign/benign/benign_0.png,benign
benign/benign/benign_1.png,benign
benign/benign/benign_10.png,benign
benign/benign/benign_100.png,benign
benign/benign/benign_101.png,benign
benign/benign/benign_102.png,benign
benign/benign/benign_103.png,benign
benign/benign/benign_104.png,benign
benign/benign/benign_105.png,benign
benign/benign/benign_106.png,benign
benign/benign/benign_107.png,benign
benign/benign/benign_109.png,benign
benign/benign/benign_11.png,benign
benign/benign/benign_110.png,benign
benign/benign/benign_111.png,benign
benign/benign/benign_112.png,benign
benign/benign/benign_114.png,benign
benign/benign/benign_115.png,benign
benign/benign/benign_116.png,benign
benign/benign/benign_117.png,benign
benign/benign/benign_118.png,benign
benign/benign/benign_119.png,benign
benign/benign/benign_12.png,benign
benign/benign/benign_120.png,benign
benign/benign/benign_12019.png,benign
benign/benign/benign_121.png,benign
benign/benign/benign_122.png,benign
benign/benign/benign_123.png,benign
benign/benign/benign_124.png,benign
benign/benign/benign_125.png,benign
benign/benign/benign_126.png,benign
benign/benign/benign_12621.png,benign
benign/benign/benign_12625.png,benign
benign/benign/benign_12631.png,benign
benign/benign/benign_12643.png,benign
benign/benign/benign_12652.png,benign
benign/benign/benign_127.png,benign
benign/benign/benign_128.png,benign
benign/benign/benign_129.png,benign
benign/benign/benign_13.png,benign
benign/benign/benign_130.png,benign
benign/benign/benign_131.png,benign
benign/benign/benign_13188.png,benign
benign/benign/benign_132.png,benign
benign/benign/benign_13217.png,benign
benign/benign/benign_13295.png,benign
benign/benign/benign_133.png,benign
benign/benign/benign_13305.png,benign
benign/benign/benign_13306.png,benign
benign/benign/benign_13308.png,benign
benign/benign/benign_13320.png,benign
benign/benign/benign_13327.png,benign
benign/benign/benign_13329.png,benign
benign/benign/benign_13333.png,benign
benign/benign/benign_13339.png,benign
benign/benign/benign_13344.png,benign
benign/benign/benign_13351.png,benign
benign/benign/benign_13361.png,benign
benign/benign/benign_13362.png,benign
benign/benign/benign_13369.png,benign
benign/benign/benign_13380.png,benign
benign/benign/benign_13394.png,benign
benign/benign/benign_134.png,benign
benign/benign/benign_13404.png,benign
benign/benign/benign_13406.png,benign
benign/benign/benign_13409.png,benign
benign/benign/benign_13411.png,benign
benign/benign/benign_13413.png,benign
benign/benign/benign_13414.png,benign
benign/benign/benign_13417.png,benign
benign/benign/benign_13418.png,benign
benign/benign/benign_13420.png,benign
benign/benign/benign_13424.png,benign
benign/benign/benign_13429.png,benign
benign/benign/benign_13430.png,benign
benign/benign/benign_13434.png,benign
benign/benign/benign_13450.png,benign
benign/benign/benign_13452.png,benign
benign/benign/benign_13462.png,benign
benign/benign/benign_135.png,benign
benign/benign/benign_13523.png,benign
benign/benign/benign_13525.png,benign
benign/benign/benign_13527.png,benign
benign/benign/benign_13535.png,benign
benign/benign/benign_13553.png,benign
benign/benign/benign_136.png,benign
benign/benign/benign_137.png,benign
benign/benign/benign_139.png,benign
benign/benign/benign_14.png,benign
benign/benign/benign_140.png,benign
benign/benign/benign_14023.png,benign
benign/benign/benign_14075.png,benign
benign/benign/benign_141.png,benign
benign/benign/benign_14139.png,benign
benign/benign/benign_142.png,benign
benign/benign/benign_14290.png,benign
benign/benign/benign_14291.png,benign
benign/benign/benign_14293.png,benign
benign/benign/benign_14299.png,benign
benign/benign/benign_143.png,benign
benign/benign/benign_14310.png,benign
benign/benign/benign_14318.png,benign
benign/benign/benign_14354.png,benign
benign/benign/benign_14376.png,benign
benign/benign/benign_144.png,benign
benign/benign/benign_14424.png,benign
benign/benign/benign_14432.png,benign
benign/benign/benign_145.png,benign
benign/benign/benign_14582.png,benign
benign/benign/benign_146.png,benign
benign/benign/benign_14667.png,benign
benign/benign/benign_14674.png,benign
benign/benign/benign_147.png,benign
benign/benign/benign_14783.png,benign
benign/benign/benign_14786.png,benign
benign/benign/benign_14787.png,benign
benign/benign/benign_14792.png,benign
benign/benign/benign_14793.png,benign
benign/benign/benign_14797.png,benign
benign/benign/benign_14798.png,benign
benign/benign/benign_148.png,benign
benign/benign/benign_14812.png,benign
benign/benign/benign_14848.png,benign
benign/benign/benign_14855.png,benign
benign/benign/benign_14858.png,benign
benign/benign/benign_14880.png,benign
benign/benign/benign_149.png,benign
benign/benign/benign_14900.png,benign
benign/benign/benign_14933.png,benign
benign/benign/benign_14936.png,benign
benign/benign/benign_14941.png,benign
benign/benign/benign_14942.png,benign
benign/benign/benign_14974.png,benign
benign/benign/benign_14989.png,benign
benign/benign/benign_14994.png,benign
benign/benign/benign_14996.png,benign
benign/benign/benign_14999.png,benign
benign/benign/benign_15.png,benign
benign/benign/benign_150.png,benign
benign/benign/benign_15002.png,benign
benign/benign/benign_151.png,benign
benign/benign/benign_15183.png,benign
benign/benign/benign_15184.png,benign
benign/benign/benign_15189.png,benign
benign/benign/benign_15237.png,benign
benign/benign/benign_15244.png,benign
benign/benign/benign_15248.png,benign
benign/benign/benign_153.png,benign
benign/benign/benign_15356.png,benign
benign/benign/benign_15358.png,benign
benign/benign/benign_15386.png,benign
benign/benign/benign_154.png,benign
benign/benign/benign_15409.png,benign
benign/benign/benign_15414.png,benign
benign/benign/benign_15423.png,benign
benign/benign/benign_15429.png,benign
benign/benign/benign_15430.png,benign
benign/benign/benign_15431.png,benign
benign/benign/benign_15435.png,benign
benign/benign/benign_15467.png,benign
benign/benign/benign_15492.png,benign
benign/benign/benign_155.png,benign
benign/benign/benign_156.png,benign
benign/benign/benign_157.png,benign
benign/benign/benign_158.png,benign
benign/benign/benign_159.png,benign
benign/benign/benign_16.png,benign
benign/benign/benign_160.png,benign
benign/benign/benign_16044.png,benign
benign/benign/benign_161.png,benign
benign/benign/benign_16106.png,benign
benign/benign/benign_16107.png,benign
benign/benign/benign_16116.png,benign
benign/benign/benign_16119.png,benign
benign/benign/benign_16175.png,benign
benign/benign/benign_162.png,benign
benign/benign/benign_16258.png,benign
benign/benign/benign_16266.png,benign
benign/benign/benign_16299.png,benign
benign/benign/benign_163.png,benign
benign/benign/benign_16300.png,benign
benign/benign/benign_16302.png,benign
benign/benign/benign_16312.png,benign
benign/benign/benign_16323.png,benign
benign/benign/benign_16336.png,benign
benign/benign/benign_16340.png,benign
benign/benign/benign_16353.png,benign
benign/benign/benign_16367.png,benign
benign/benign/benign_16371.png,benign
benign/benign/benign_16372.png,benign
benign/benign/benign_16384.png,benign
benign/benign/benign_16386.png,benign
benign/benign/benign_16388.png,benign
benign/benign/benign_16397.png,benign
benign/benign/benign_16398.png,benign
benign/benign/benign_164.png,benign
benign/benign/benign_16406.png,benign
benign/benign/benign_16407.png,benign
benign/benign/benign_16412.png,benign
benign/benign/benign_16417.png,benign
benign/benign/benign_16418.png,benign
benign/benign/benign_16425.png,benign
benign/benign/benign_16457.png,benign
benign/benign/benign_16459.png,benign
benign/benign/benign_16460.png,benign
benign/benign/benign_16486.png,benign
benign/benign/benign_165.png,benign
benign/benign/benign_16515.png,benign
benign/benign/benign_16562.png,benign
benign/benign/benign_16569.png,benign
benign/benign/benign_16576.png,benign
benign/benign/benign_166.png,benign
benign/benign/benign_16605.png,benign
benign/benign/benign_16607.png,benign
benign/benign/benign_16610.png,benign
benign/benign/benign_16611.png,benign
benign/benign/benign_16616.png,benign
benign/benign/benign_16617.png,benign
benign/benign/benign_16620.png,benign
benign/benign/benign_16625.png,benign
benign/benign/benign_16633.png,benign
benign/benign/benign_16634.png,benign
benign/benign/benign_16636.png,benign
benign/benign/benign_16637.png,benign
benign/benign/benign_16647.png,benign
benign/benign/benign_16652.png,benign
benign/benign/benign_16653.png,benign
benign/benign/benign_16654.png,benign
benign/benign/benign_16655.png,benign
benign/benign/benign_16657.png,benign
benign/benign/benign_16658.png,benign
benign/benign/benign_16661.png,benign
benign/benign/benign_16672.png,benign
benign/benign/benign_16677.png,benign
benign/benign/benign_16685.png,benign
benign/benign/benign_167.png,benign
benign/benign/benign_16704.png,benign
benign/benign/benign_16731.png,benign
benign/benign/benign_16735.png,benign
benign/benign/benign_16738.png,benign
benign/benign/benign_16748.png,benign
benign/benign/benign_16758.png,benign
benign/benign/benign_16766.png,benign
benign/benign/benign_16777.png,benign
benign/benign/benign_16778.png,benign
benign/benign/benign_16779.png,benign
benign/benign/benign_16780.png,benign
benign/benign/benign_168.png,benign
benign/benign/benign_16831.png,benign
benign/benign/benign_169.png,benign
benign/benign/benign_16946.png,benign
benign/benign/benign_16985.png,benign
benign/benign/benign_17.png,benign
benign/benign/benign_170.png,benign
benign/benign/benign_17032.png,benign
benign/benign/benign_17041.png,benign
benign/benign/benign_17042.png,benign
benign/benign/benign_17047.png,benign
benign/benign/benign_171.png,benign
benign/benign/benign_17105.png,benign
benign/benign/benign_17122.png,benign
benign/benign/benign_17129.png,benign
benign/benign/benign_17133.png,benign
benign/benign/benign_17177.png,benign
benign/benign/benign_172.png,benign
benign/benign/benign_173.png,benign
benign/benign/benign_174.png,benign
benign/benign/benign_175.png,benign
benign/benign/benign_17555.png,benign
benign/benign/benign_176.png,benign
benign/benign/benign_17653.png,benign
benign/benign/benign_17682.png,benign
benign/benign/benign_17691.png,benign
benign/benign/benign_17693.png,benign
benign/benign/benign_17716.png,benign
benign/benign/benign_17722.png,benign
benign/benign/benign_17735.png,benign
benign/benign/benign_17741.png,benign
benign/benign/benign_17746.png,benign
benign/benign/benign_17748.png,benign
benign/benign/benign_17754.png,benign
benign/benign/benign_17755.png,benign
benign/benign/benign_17757.png,benign
benign/benign/benign_17772.png,benign
benign/benign/benign_17773.png,benign
benign/benign/benign_17783.png,benign
benign/benign/benign_17785.png,benign
benign/benign/benign_17787.png,benign
benign/benign/benign_17788.png,benign
benign/benign/benign_178.png,benign
benign/benign/benign_17836.png,benign
benign/benign/benign_17852.png,benign
benign/benign/benign_17867.png,benign
benign/benign/benign_17873.png,benign
benign/benign/benign_17878.png,benign
benign/benign/benign_17888.png,benign
benign/benign/benign_179.png,benign
benign/benign/benign_17901.png,benign
benign/benign/benign_17953.png,benign
benign/benign/benign_18.png,benign
benign/benign/benign_180.png,benign
benign/benign/benign_18005.png,benign
benign/benign/benign_18021.png,benign
benign/benign/benign_18051.png,benign
benign/benign/benign_18058.png,benign
benign/benign/benign_18066.png,benign
benign/benign/benign_18096.png,benign
benign/benign/benign_18097.png,benign
benign/benign/benign_181.png,benign
benign/benign/benign_18100.png,benign
benign/benign/benign_18105.png,benign
benign/benign/benign_18108.png,benign
benign/benign/benign_18111.png,benign
benign/benign/benign_18129.png,benign
benign/benign/benign_18133.png,benign
benign/benign/benign_18134.png,benign
benign/benign/benign_18140.png,benign
benign/benign/benign_18141.png,benign
benign/benign/benign_18143.png,benign
benign/benign/benign_18144.png,benign
benign/benign/benign_18145.png,benign
benign/benign/benign_18148.png,benign
benign/benign/benign_18157.png,benign
benign/benign/benign_18159.png,benign
benign/benign/benign_18166.png,benign
benign/benign/benign_18167.png,benign
benign/benign/benign_18170.png,benign
benign/benign/benign_182.png,benign
benign/benign/benign_18247.png,benign
benign/benign/benign_18253.png,benign
benign/benign/benign_183.png,benign
benign/benign/benign_18319.png,benign
benign/benign/benign_184.png,benign
benign/benign/benign_18422.png,benign
benign/benign/benign_18463.png,benign
benign/benign/benign_18466.png,benign
benign/benign/benign_18478.png,benign
benign/benign/benign_185.png,benign
benign/benign/benign_18540.png,benign
benign/benign/benign_18595.png,benign
benign/benign/benign_186.png,benign
benign/benign/benign_187.png,benign
benign/benign/benign_188.png,benign
benign/benign/benign_18815.png,benign
benign/benign/benign_189.png,benign
benign/benign/benign_18947.png,benign
malicious/malicious/malicious_316308.png,malicious
malicious/malicious/malicious_316310.png,malicious
malicious/malicious/malicious_316311.png,malicious
malicious/malicious/malicious_316332.png,malicious
malicious/malicious/malicious_316333.png,malicious
malicious/malicious/malicious_316356.png,malicious
malicious/malicious/malicious_316367.png,malicious
malicious/malicious/malicious_316369.png,malicious
malicious/malicious/malicious_316395.png,malicious
malicious/malicious/malicious_316405.png,malicious
malicious/malicious/malicious_316410.png,malicious
malicious/malicious/malicious_316444.png,malicious
malicious/malicious/malicious_316455.png,malicious
malicious/malicious/malicious_316489.png,malicious
malicious/malicious/malicious_316515.png,malicious
malicious/malicious/malicious_316544.png,malicious
malicious/malicious/malicious_316562.png,malicious
malicious/malicious/malicious_316570.png,malicious
malicious/malicious/malicious_316571.png,malicious
malicious/malicious/malicious_316572.png,malicious
malicious/malicious/malicious_316573.png,malicious
malicious/malicious/malicious_316574.png,malicious
malicious/malicious/malicious_316575.png,malicious
malicious/malicious/malicious_316576.png,malicious
malicious/malicious/malicious_316577.png,malicious
malicious/malicious/malicious_316582.png,malicious
malicious/malicious/malicious_316588.png,malicious
malicious/malicious/malicious_316589.png,malicious
malicious/malicious/malicious_316592.png,malicious
malicious/malicious/malicious_316608.png,malicious
malicious/malicious/malicious_316614.png,malicious
malicious/malicious/malicious_316660.png,malicious
malicious/malicious/malicious_316688.png,malicious
malicious/malicious/malicious_316693.png,malicious
malicious/malicious/malicious_316697.png,malicious
malicious/malicious/malicious_316712.png,malicious
malicious/malicious/malicious_316716.png,malicious
malicious/malicious/malicious_316728.png,malicious
malicious/malicious/malicious_316748.png,malicious
malicious/malicious/malicious_316769.png,malicious
malicious/malicious/malicious_316810.png,malicious
malicious/malicious/malicious_316817.png,malicious
malicious/malicious/malicious_316820.png,malicious
malicious/malicious/malicious_316828.png,malicious
malicious/malicious/malicious_316837.png,malicious
malicious/malicious/malicious_316846.png,malicious
malicious/malicious/malicious_316861.png,malicious
malicious/malicious/malicious_316957.png,malicious
malicious/malicious/malicious_316989.png,malicious
malicious/malicious/malicious_316997.png,malicious
malicious/malicious/malicious_317008.png,malicious
malicious/malicious/malicious_317010.png,malicious
malicious/malicious/malicious_317020.png,malicious
malicious/malicious/malicious_317031.png,malicious
malicious/malicious/malicious_317036.png,malicious
malicious/malicious/malicious_317037.png,malicious
malicious/malicious/malicious_317053.png,malicious
malicious/malicious/malicious_317073.png,malicious
malicious/malicious/malicious_317102.png,malicious
malicious/malicious/malicious_317157.png,malicious
malicious/malicious/malicious_317160.png,malicious
malicious/malicious/malicious_317171.png,malicious
malicious/malicious/malicious_317184.png,malicious
malicious/malicious/malicious_317206.png,malicious
malicious/malicious/malicious_317213.png,malicious
malicious/malicious/malicious_317219.png,malicious
malicious/malicious/malicious_317247.png,malicious
malicious/malicious/malicious_317264.png,malicious
malicious/malicious/malicious_317280.png,malicious
malicious/malicious/malicious_317299.png,malicious
malicious/malicious/malicious_317301.png,malicious
malicious/malicious/malicious_317333.png,malicious
malicious/malicious/malicious_317411.png,malicious
malicious/malicious/malicious_317493.png,malicious
malicious/malicious/malicious_317577.png,malicious
malicious/malicious/malicious_317595.png,malicious
malicious/malicious/malicious_317614.png,malicious
malicious/malicious/malicious_317615.png,malicious
malicious/malicious/malicious_317750.png,malicious
malicious/malicious/malicious_317964.png,malicious
malicious/malicious/malicious_318011.png,malicious
malicious/malicious/malicious_318069.png,malicious
malicious/malicious/malicious_318105.png,malicious
malicious/malicious/malicious_318151.png,malicious
malicious/malicious/malicious_318224.png,malicious
malicious/malicious/malicious_318390.png,malicious
malicious/malicious/malicious_318444.png,malicious
malicious/malicious/malicious_318518.png,malicious
malicious/malicious/malicious_318554.png,malicious
malicious/malicious/malicious_318561.png,malicious
malicious/malicious/malicious_318569.png,malicious
malicious/malicious/malicious_318574.png,malicious
malicious/malicious/malicious_318608.png,malicious
malicious/malicious/malicious_318613.png,malicious
malicious/malicious/malicious_318615.png,malicious
malicious/malicious/malicious_318646.png,malicious
malicious/malicious/malicious_318692.png,malicious
malicious/malicious/malicious_318752.png,malicious
malicious/malicious/malicious_318764.png,malicious
malicious/malicious/malicious_318765.png,malicious
malicious/malicious/malicious_318766.png,malicious
malicious/malicious/malicious_318768.png,malicious
malicious/malicious/malicious_318796.png,malicious
malicious/malicious/malicious_318807.png,malicious
malicious/malicious/malicious_318854.png,malicious
malicious/malicious/malicious_318858.png,malicious
malicious/malicious/malicious_318859.png,malicious
malicious/malicious/malicious_318885.png,malicious
malicious/malicious/malicious_318889.png,malicious
malicious/malicious/malicious_318890.png,malicious
malicious/malicious/malicious_318894.png,malicious
malicious/malicious/malicious_318958.png,malicious
malicious/malicious/malicious_318986.png,malicious
malicious/malicious/malicious_318999.png,malicious
malicious/malicious/malicious_319012.png,malicious
malicious/malicious/malicious_319020.png,malicious
malicious/malicious/malicious_319024.png,malicious
malicious/malicious/malicious_319041.png,malicious
malicious/malicious/malicious_319044.png,malicious
malicious/malicious/malicious_319046.png,malicious
malicious/malicious/malicious_319100.png,malicious
malicious/malicious/malicious_319101.png,malicious
malicious/malicious/malicious_319131.png,malicious
malicious/malicious/malicious_319143.png,malicious
malicious/malicious/malicious_319197.png,malicious
malicious/malicious/malicious_319199.png,malicious
malicious/malicious/malicious_319219.png,malicious
malicious/malicious/malicious_319220.png,malicious
malicious/malicious/malicious_319231.png,malicious
malicious/malicious/malicious_319240.png,malicious
malicious/malicious/malicious_319288.png,malicious
malicious/malicious/malicious_319294.png,malicious
malicious/malicious/malicious_319301.png,malicious
malicious/malicious/malicious_319313.png,malicious
malicious/malicious/malicious_319340.png,malicious
malicious/malicious/malicious_319343.png,malicious
malicious/malicious/malicious_319349.png,malicious
malicious/malicious/malicious_319364.png,malicious
malicious/malicious/malicious_319374.png,malicious
malicious/malicious/malicious_319401.png,malicious
malicious/malicious/malicious_319408.png,malicious
malicious/malicious/malicious_319460.png,malicious
malicious/malicious/malicious_319467.png,malicious
malicious/malicious/malicious_319469.png,malicious
malicious/malicious/malicious_319526.png,malicious
malicious/malicious/malicious_319601.png,malicious
malicious/malicious/malicious_319647.png,malicious
malicious/malicious/malicious_319648.png,malicious
malicious/malicious/malicious_319655.png,malicious
malicious/malicious/malicious_319684.png,malicious
malicious/malicious/malicious_319700.png,malicious
malicious/malicious/malicious_319737.png,malicious
malicious/malicious/malicious_319765.png,malicious
malicious/malicious/malicious_319796.png,malicious
malicious/malicious/malicious_319806.png,malicious
malicious/malicious/malicious_319822.png,malicious
malicious/malicious/malicious_319828.png,malicious
malicious/malicious/malicious_319900.png,malicious
malicious/malicious/malicious_319932.png,malicious
malicious/malicious/malicious_319933.png,malicious
malicious/malicious/malicious_320055.png,malicious
malicious/malicious/malicious_320068.png,malicious
malicious/malicious/malicious_320089.png,malicious
malicious/malicious/malicious_320175.png,malicious
malicious/malicious/malicious_320177.png,malicious
malicious/malicious/malicious_320198.png,malicious
malicious/malicious/malicious_320208.png,malicious
malicious/malicious/malicious_320310.png,malicious
malicious/malicious/malicious_320318.png,malicious
malicious/malicious/malicious_320322.png,malicious
malicious/malicious/malicious_320323.png,malicious
malicious/malicious/malicious_320420.png,malicious
malicious/malicious/malicious_320422.png,malicious
malicious/malicious/malicious_320427.png,malicious
malicious/malicious/malicious_320430.png,malicious
malicious/malicious/malicious_320506.png,malicious
malicious/malicious/malicious_320528.png,malicious
malicious/malicious/malicious_320562.png,malicious
malicious/malicious/malicious_320593.png,malicious
malicious/malicious/malicious_320636.png,malicious
malicious/malicious/malicious_320642.png,malicious
malicious/malicious/malicious_320684.png,malicious
malicious/malicious/malicious_320716.png,malicious
malicious/malicious/malicious_320796.png,malicious
malicious/malicious/malicious_320814.png,malicious
malicious/malicious/malicious_320872.png,malicious
malicious/malicious/malicious_320887.png,malicious
malicious/malicious/malicious_320923.png,malicious
malicious/malicious/malicious_320956.png,malicious
malicious/malicious/malicious_320997.png,malicious
malicious/malicious/malicious_321021.png,malicious
malicious/malicious/malicious_321079.png,malicious
malicious/malicious/malicious_321101.png,malicious
malicious/malicious/malicious_321104.png,malicious
malicious/malicious/malicious_321138.png,malicious
malicious/malicious/malicious_321178.png,malicious
malicious/malicious/malicious_321186.png,malicious
malicious/malicious/malicious_321195.png,malicious
malicious/malicious/malicious_321266.png,malicious
malicious/malicious/malicious_321285.png,malicious
malicious/malicious/malicious_321411.png,malicious
malicious/malicious/malicious_321421.png,malicious
malicious/malicious/malicious_321448.png,malicious
malicious/malicious/malicious_321460.png,malicious
malicious/malicious/malicious_321483.png,malicious
malicious/malicious/malicious_321509.png,malicious
malicious/malicious/malicious_321534.png,malicious
malicious/malicious/malicious_321592.png,malicious
malicious/malicious/malicious_321658.png,malicious
malicious/malicious/malicious_321664.png,malicious
malicious/malicious/malicious_321685.png,malicious
malicious/malicious/malicious_321717.png,malicious
malicious/malicious/malicious_321723.png,malicious
malicious/malicious/malicious_321732.png,malicious
malicious/malicious/malicious_321766.png,malicious
malicious/malicious/malicious_321767.png,malicious
malicious/malicious/malicious_321814.png,malicious
malicious/malicious/malicious_321836.png,malicious
malicious/malicious/malicious_321880.png,malicious
malicious/malicious/malicious_321881.png,malicious
malicious/malicious/malicious_321918.png,malicious
malicious/malicious/malicious_321961.png,malicious
malicious/malicious/malicious_321965.png,malicious
malicious/malicious/malicious_322023.png,malicious
malicious/malicious/malicious_322027.png,malicious
malicious/malicious/malicious_322048.png,malicious
malicious/malicious/malicious_322055.png,malicious
malicious/malicious/malicious_322064.png,malicious
malicious/malicious/malicious_322090.png,malicious
malicious/malicious/malicious_322174.png,malicious
malicious/malicious/malicious_322189.png,malicious
malicious/malicious/malicious_322193.png,malicious
malicious/malicious/malicious_322221.png,malicious
malicious/malicious/malicious_322275.png,malicious
malicious/malicious/malicious_322308.png,malicious
malicious/malicious/malicious_322316.png,malicious
malicious/malicious/malicious_322412.png,malicious
malicious/malicious/malicious_322419.png,malicious
malicious/malicious/malicious_322425.png,malicious
malicious/malicious/malicious_322437.png,malicious
malicious/malicious/malicious_322441.png,malicious
malicious/malicious/malicious_322450.png,malicious
malicious/malicious/malicious_322473.png,malicious
malicious/malicious/malicious_322509.png,malicious
malicious/malicious/malicious_322510.png,malicious
malicious/malicious/malicious_322511.png,malicious
malicious/malicious/malicious_322512.png,malicious
malicious/malicious/malicious_322513.png,malicious
malicious/malicious/malicious_322514.png,malicious
malicious/malicious/malicious_322515.png,malicious
malicious/malicious/malicious_322517.png,malicious
malicious/malicious/malicious_322518.png,malicious
malicious/malicious/malicious_322521.png,malicious
malicious/malicious/malicious_322523.png,malicious
malicious/malicious/malicious_322525.png,malicious
malicious/malicious/malicious_322529.png,malicious
malicious/malicious/malicious_322530.png,malicious
malicious/malicious/malicious_322532.png,malicious
malicious/malicious/malicious_322533.png,malicious
malicious/malicious/malicious_322534.png,malicious
malicious/malicious/malicious_322535.png,malicious
malicious/malicious/malicious_322536.png,malicious
malicious/malicious/malicious_322537.png,malicious
malicious/malicious/malicious_322538.png,malicious
malicious/malicious/malicious_322541.png,malicious
malicious/malicious/malicious_322542.png,malicious
malicious/malicious/malicious_322544.png,malicious
malicious/malicious/malicious_322545.png,malicious
malicious/malicious/malicious_322546.png,malicious
malicious/malicious/malicious_322547.png,malicious
malicious/malicious/malicious_322548.png,malicious
malicious/malicious/malicious_322549.png,malicious
malicious/malicious/malicious_322552.png,malicious
malicious/malicious/malicious_322553.png,malicious
malicious/malicious/malicious_322554.png,malicious
malicious/malicious/malicious_322556.png,malicious
malicious/malicious/malicious_322557.png,malicious
malicious/malicious/malicious_322558.png,malicious
malicious/malicious/malicious_322559.png,malicious
malicious/malicious/malicious_322560.png,malicious
malicious/malicious/malicious_322561.png,malicious
malicious/malicious/malicious_322562.png,malicious
malicious/malicious/malicious_322563.png,malicious
malicious/malicious/malicious_322564.png,malicious
malicious/malicious/malicious_322565.png,malicious
malicious/malicious/malicious_322566.png,malicious
malicious/malicious/malicious_322567.png,malicious
malicious/malicious/malicious_322568.png,malicious
malicious/malicious/malicious_322569.png,malicious
malicious/malicious/malicious_322571.png,malicious
malicious/malicious/malicious_322572.png,malicious
malicious/malicious/malicious_322573.png,malicious
malicious/malicious/malicious_322574.png,malicious
malicious/malicious/malicious_322575.png,malicious
malicious/malicious/malicious_322577.png,malicious
malicious/malicious/malicious_322578.png,malicious
malicious/malicious/malicious_322579.png,malicious
malicious/malicious/malicious_322580.png,malicious
malicious/malicious/malicious_322581.png,malicious
malicious/malicious/malicious_322582.png,malicious
malicious/malicious/malicious_322583.png,malicious
malicious/malicious/malicious_322584.png,malicious
malicious/malicious/malicious_322585.png,malicious
malicious/malicious/malicious_322590.png,malicious
malicious/malicious/malicious_322594.png,malicious
malicious/malicious/malicious_322595.png,malicious
malicious/malicious/malicious_322596.png,malicious
malicious/malicious/malicious_322597.png,malicious
malicious/malicious/malicious_322598.png,malicious
malicious/malicious/malicious_322599.png,malicious
malicious/malicious/malicious_322600.png,malicious
malicious/malicious/malicious_322601.png,malicious
malicious/malicious/malicious_322603.png,malicious
malicious/malicious/malicious_322604.png,malicious
malicious/malicious/malicious_322605.png,malicious
malicious/malicious/malicious_322606.png,malicious
malicious/malicious/malicious_322607.png,malicious
malicious/malicious/malicious_322608.png,malicious
malicious/malicious/malicious_322609.png,malicious
malicious/malicious/malicious_322612.png,malicious
malicious/malicious/malicious_322613.png,malicious
malicious/malicious/malicious_322634.png,malicious
malicious/malicious/malicious_322640.png,malicious
malicious/malicious/malicious_322656.png,malicious
malicious/malicious/malicious_322662.png,malicious
malicious/malicious/malicious_322663.png,malicious
malicious/malicious/malicious_322664.png,malicious
malicious/malicious/malicious_322665.png,malicious
malicious/malicious/malicious_322666.png,malicious
malicious/malicious/malicious_322667.png,malicious
malicious/malicious/malicious_322668.png,malicious
malicious/malicious/malicious_322669.png,malicious
malicious/malicious/malicious_322670.png,malicious
malicious/malicious/malicious_322672.png,malicious
malicious/malicious/malicious_322673.png,malicious
malicious/malicious/malicious_322674.png,malicious
malicious/malicious/malicious_322676.png,malicious
malicious/malicious/malicious_322677.png,malicious
malicious/malicious/malicious_322678.png,malicious
malicious/malicious/malicious_322690.png,malicious
malicious/malicious/malicious_322691.png,malicious
malicious/malicious/malicious_322692.png,malicious
malicious/malicious/malicious_322697.png,malicious
malicious/malicious/malicious_322698.png,malicious
malicious/malicious/malicious_322704.png,malicious
malicious/malicious/malicious_322709.png,malicious
benign/benign/benign_1000.png,benign
benign/benign/benign_10004.png,benign
benign/benign/benign_1001.png,benign
benign/benign/benign_10017.png,benign
benign/benign/benign_10031.png,benign
benign/benign/benign_10034.png,benign
benign/benign/benign_1005.png,benign
benign/benign/benign_10055.png,benign
benign/benign/benign_10069.png,benign
benign/benign/benign_1007.png,benign
benign/benign/benign_10073.png,benign
benign/benign/benign_1008.png,benign
benign/benign/benign_10085.png,benign
benign/benign/benign_10086.png,benign
benign/benign/benign_1009.png,benign
benign/benign/benign_10092.png,benign
benign/benign/benign_1011.png,benign
benign/benign/benign_10119.png,benign
benign/benign/benign_10121.png,benign
benign/benign/benign_10123.png,benign
benign/benign/benign_10125.png,benign
benign/benign/benign_10126.png,benign
benign/benign/benign_1013.png,benign
benign/benign/benign_10131.png,benign
benign/benign/benign_10149.png,benign
benign/benign/benign_1016.png,benign
benign/benign/benign_10172.png,benign
benign/benign/benign_10183.png,benign
benign/benign/benign_10195.png,benign
benign/benign/benign_10207.png,benign
benign/benign/benign_10225.png,benign
benign/benign/benign_10234.png,benign
benign/benign/benign_1024.png,benign
benign/benign/benign_1026.png,benign
benign/benign/benign_10265.png,benign
benign/benign/benign_10268.png,benign
benign/benign/benign_1027.png,benign
benign/benign/benign_10284.png,benign
benign/benign/benign_1030.png,benign
benign/benign/benign_1031.png,benign
benign/benign/benign_10325.png,benign
benign/benign/benign_10326.png,benign
benign/benign/benign_10330.png,benign
benign/benign/benign_10339.png,benign
benign/benign/benign_1034.png,benign
benign/benign/benign_1035.png,benign
benign/benign/benign_1037.png,benign
benign/benign/benign_1038.png,benign
benign/benign/benign_10382.png,benign
benign/benign/benign_1040.png,benign
benign/benign/benign_10400.png,benign
benign/benign/benign_10406.png,benign
benign/benign/benign_1043.png,benign
benign/benign/benign_10456.png,benign
benign/benign/benign_10459.png,benign
benign/benign/benign_10463.png,benign
benign/benign/benign_10496.png,benign
benign/benign/benign_1050.png,benign
benign/benign/benign_1051.png,benign
benign/benign/benign_10523.png,benign
benign/benign/benign_10544.png,benign
benign/benign/benign_10562.png,benign
benign/benign/benign_1057.png,benign
benign/benign/benign_1058.png,benign
benign/benign/benign_1059.png,benign
benign/benign/benign_10594.png,benign
benign/benign/benign_1061.png,benign
benign/benign/benign_1062.png,benign
benign/benign/benign_1063.png,benign
benign/benign/benign_1064.png,benign
benign/benign/benign_1066.png,benign
benign/benign/benign_1068.png,benign
benign/benign/benign_10698.png,benign
benign/benign/benign_1070.png,benign
benign/benign/benign_10701.png,benign
benign/benign/benign_1071.png,benign
benign/benign/benign_10713.png,benign
benign/benign/benign_10735.png,benign
benign/benign/benign_1074.png,benign
benign/benign/benign_10746.png,benign
benign/benign/benign_1075.png,benign
benign/benign/benign_1076.png,benign
benign/benign/benign_1077.png,benign
benign/benign/benign_1078.png,benign
benign/benign/benign_1079.png,benign
benign/benign/benign_10802.png,benign
benign/benign/benign_1081.png,benign
benign/benign/benign_1082.png,benign
benign/benign/benign_1083.png,benign
malicious/malicious/malicious_316276.png,malicious
malicious/malicious/malicious_316315.png,malicious
malicious/malicious/malicious_316336.png,malicious
malicious/malicious/malicious_316358.png,malicious
malicious/malicious/malicious_316430.png,malicious
malicious/malicious/malicious_316450.png,malicious
malicious/malicious/malicious_316498.png,malicious
malicious/malicious/malicious_316510.png,malicious
malicious/malicious/malicious_316512.png,malicious
malicious/malicious/malicious_316684.png,malicious
malicious/malicious/malicious_317143.png,malicious
malicious/malicious/malicious_317186.png,malicious
malicious/malicious/malicious_317199.png,malicious
malicious/malicious/malicious_317274.png,malicious
malicious/malicious/malicious_317275.png,malicious
malicious/malicious/malicious_317503.png,malicious
malicious/malicious/malicious_317749.png,malicious
malicious/malicious/malicious_317793.png,malicious
malicious/malicious/malicious_317802.png,malicious
malicious/malicious/malicious_318111.png,malicious
malicious/malicious/malicious_318475.png,malicious
malicious/malicious/malicious_318481.png,malicious
malicious/malicious/malicious_318627.png,malicious
malicious/malicious/malicious_318633.png,malicious
malicious/malicious/malicious_318648.png,malicious
malicious/malicious/malicious_318697.png,malicious
malicious/malicious/malicious_318706.png,malicious
malicious/malicious/malicious_318736.png,malicious
malicious/malicious/malicious_318743.png,malicious
malicious/malicious/malicious_318769.png,malicious
malicious/malicious/malicious_322653.png,malicious
malicious/malicious/malicious_322679.png,malicious
malicious/malicious/malicious_322710.png,malicious
malicious/malicious/malicious_322828.png,malicious
malicious/malicious/malicious_322848.png,malicious
malicious/malicious/malicious_322871.png,malicious
malicious/malicious/malicious_322955.png,malicious
malicious/malicious/malicious_322981.png,malicious
malicious/malicious/malicious_323002.png,malicious
malicious/malicious/malicious_323251.png,malicious
malicious/malicious/malicious_323258.png,malicious
malicious/malicious/malicious_323259.png,malicious
malicious/malicious/malicious_323267.png,malicious
malicious/malicious/malicious_323319.png,malicious
malicious/malicious/malicious_323320.png,malicious
malicious/malicious/malicious_323559.png,malicious
malicious/malicious/malicious_323565.png,malicious
malicious/malicious/malicious_323567.png,malicious
malicious/malicious/malicious_323629.png,malicious
malicious/malicious/malicious_323650.png,malicious
malicious/malicious/malicious_323653.png,malicious
malicious/malicious/malicious_323654.png,malicious
malicious/malicious/malicious_323725.png,malicious
malicious/malicious/malicious_323852.png,malicious
malicious/malicious/malicious_323881.png,malicious
malicious/malicious/malicious_323953.png,malicious
malicious/malicious/malicious_323955.png,malicious
malicious/malicious/malicious_323995.png,malicious
malicious/malicious/malicious_323996.png,malicious
malicious/malicious/malicious_324000.png,malicious
malicious/malicious/malicious_324242.png,malicious
malicious/malicious/malicious_324328.png,malicious
malicious/malicious/malicious_324346.png,malicious
malicious/malicious/malicious_324554.png,malicious
malicious/malicious/malicious_324565.png,malicious
malicious/malicious/malicious_324625.png,malicious
malicious/malicious/malicious_324631.png,malicious
malicious/malicious/malicious_324664.png,malicious
malicious/malicious/malicious_324744.png,malicious
malicious/malicious/malicious_324775.png,malicious
malicious/malicious/malicious_324827.png,malicious
malicious/malicious/malicious_324996.png,malicious
malicious/malicious/malicious_325377.png,malicious
malicious/malicious/malicious_325483.png,malicious
malicious/malicious/malicious_325549.png,malicious
malicious/malicious/malicious_325562.png,malicious
malicious/malicious/malicious_325735.png,malicious
malicious/malicious/malicious_325743.png,malicious
malicious/malicious/malicious_325802.png,malicious
malicious/malicious/malicious_325822.png,malicious
malicious/malicious/malicious_325895.png,malicious
malicious/malicious/malicious_325960.png,malicious
malicious/malicious/malicious_326001.png,malicious
malicious/malicious/malicious_326115.png,malicious
malicious/malicious/malicious_326122.png,malicious
malicious/malicious/malicious_326126.png,malicious
malicious/malicious/malicious_326131.png,malicious
malicious/malicious/malicious_326144.png,malicious
malicious/malicious/malicious_326149.png,malicious
benign/benign/benign_10000.png,benign
benign/benign/benign_10001.png,benign
benign/benign/benign_10002.png,benign
benign/benign/benign_10003.png,benign
benign/benign/benign_10005.png,benign
benign/benign/benign_10007.png,benign
benign/benign/benign_10009.png,benign
benign/benign/benign_10010.png,benign
benign/benign/benign_10011.png,benign
benign/benign/benign_10014.png,benign
benign/benign/benign_10015.png,benign
benign/benign/benign_10016.png,benign
benign/benign/benign_10018.png,benign
benign/benign/benign_10019.png,benign
benign/benign/benign_10022.png,benign
benign/benign/benign_10023.png,benign
benign/benign/benign_10025.png,benign
benign/benign/benign_10026.png,benign
benign/benign/benign_10028.png,benign
benign/benign/benign_10032.png,benign
benign/benign/benign_10033.png,benign
benign/benign/benign_10037.png,benign
benign/benign/benign_10039.png,benign
benign/benign/benign_10040.png,benign
benign/benign/benign_10041.png,benign
benign/benign/benign_10043.png,benign
benign/benign/benign_10044.png,benign
benign/benign/benign_10045.png,benign
benign/benign/benign_10047.png,benign
benign/benign/benign_10048.png,benign
benign/benign/benign_10049.png,benign
benign/benign/benign_10050.png,benign
benign/benign/benign_10051.png,benign
benign/benign/benign_10052.png,benign
benign/benign/benign_10054.png,benign
benign/benign/benign_10056.png,benign
benign/benign/benign_10057.png,benign
benign/benign/benign_10058.png,benign
benign/benign/benign_10059.png,benign
benign/benign/benign_10060.png,benign
benign/benign/benign_10061.png,benign
benign/benign/benign_10062.png,benign
benign/benign/benign_10063.png,benign
benign/benign/benign_10064.png,benign
benign/benign/benign_10065.png,benign
benign/benign/benign_10066.png,benign
benign/benign/benign_10067.png,benign
benign/benign/benign_10076.png,benign
benign/benign/benign_10078.png,benign
benign/benign/benign_10079.png,benign
benign/benign/benign_10082.png,benign
benign/benign/benign_10084.png,benign
benign/benign/benign_10088.png,benign
benign/benign/benign_10089.png,benign
benign/benign/benign_10090.png,benign
benign/benign/benign_10095.png,benign
benign/benign/benign_10096.png,benign
benign/benign/benign_10097.png,benign
benign/benign/benign_10098.png,benign
benign/benign/benign_10099.png,benign
benign/benign/benign_10101.png,benign
benign/benign/benign_10102.png,benign
benign/benign/benign_10104.png,benign
benign/benign/benign_10106.png,benign
benign/benign/benign_10107.png,benign
benign/benign/benign_10110.png,benign
benign/benign/benign_10111.png,benign
benign/benign/benign_10112.png,benign
benign/benign/benign_10113.png,benign
benign/benign/benign_10114.png,benign
benign/benign/benign_10115.png,benign
benign/benign/benign_10116.png,benign
benign/benign/benign_10117.png,benign
benign/benign/benign_10120.png,benign
benign/benign/benign_10122.png,benign
benign/benign/benign_10124.png,benign
benign/benign/benign_10128.png,benign
benign/benign/benign_10129.png,benign
benign/benign/benign_10130.png,benign
benign/benign/benign_10132.png,benign
benign/benign/benign_10134.png,benign
benign/benign/benign_10135.png,benign
benign/benign/benign_10137.png,benign
benign/benign/benign_10138.png,benign
benign/benign/benign_10143.png,benign
benign/benign/benign_10146.png,benign
benign/benign/benign_10147.png,benign
benign/benign/benign_10158.png,benign
benign/benign/benign_10161.png,benign
benign/benign/benign_10164.png,benign
benign/benign/benign_10166.png,benign
benign/benign/benign_10167.png,benign
benign/benign/benign_10169.png,benign
benign/benign/benign_10170.png,benign
benign/benign/benign_10175.png,benign
benign/benign/benign_10176.png,benign
benign/benign/benign_10179.png,benign
benign/benign/benign_10180.png,benign
benign/benign/benign_10181.png,benign
benign/benign/benign_10182.png,benign
benign/benign/benign_10184.png,benign
benign/benign/benign_10185.png,benign
benign/benign/benign_10186.png,benign
benign/benign/benign_10188.png,benign
benign/benign/benign_10190.png,benign
benign/benign/benign_10191.png,benign
benign/benign/benign_10193.png,benign
benign/benign/benign_10194.png,benign
benign/benign/benign_10196.png,benign
benign/benign/benign_10197.png,benign
benign/benign/benign_10198.png,benign
benign/benign/benign_10199.png,benign
benign/benign/benign_10200.png,benign
benign/benign/benign_10201.png,benign
benign/benign/benign_10202.png,benign
benign/benign/benign_10204.png,benign
benign/benign/benign_10205.png,benign
benign/benign/benign_10210.png,benign
malicious/malicious/malicious_316257.png,malicious
malicious/malicious/malicious_316379.png,malicious
malicious/malicious/malicious_316404.png,malicious
malicious/malicious/malicious_316406.png,malicious
malicious/malicious/malicious_316447.png,malicious
malicious/malicious/malicious_316495.png,malicious
malicious/malicious/malicious_316568.png,malicious
malicious/malicious/malicious_316681.png,malicious
malicious/malicious/malicious_316682.png,malicious
malicious/malicious/malicious_316686.png,malicious
malicious/malicious/malicious_316691.png,malicious
malicious/malicious/malicious_316708.png,malicious
malicious/malicious/malicious_316723.png,malicious
malicious/malicious/malicious_316749.png,malicious
malicious/malicious/malicious_316770.png,malicious
malicious/malicious/malicious_316802.png,malicious
malicious/malicious/malicious_316804.png,malicious
malicious/malicious/malicious_316925.png,malicious
malicious/malicious/malicious_316979.png,malicious
malicious/malicious/malicious_317060.png,malicious
malicious/malicious/malicious_317094.png,malicious
malicious/malicious/malicious_317108.png,malicious
malicious/malicious/malicious_317195.png,malicious
malicious/malicious/malicious_317197.png,malicious
malicious/malicious/malicious_317282.png,malicious
malicious/malicious/malicious_317300.png,malicious
malicious/malicious/malicious_317357.png,malicious
malicious/malicious/malicious_317359.png,malicious
malicious/malicious/malicious_317382.png,malicious
malicious/malicious/malicious_317656.png,malicious
malicious/malicious/malicious_317670.png,malicious
malicious/malicious/malicious_317687.png,malicious
malicious/malicious/malicious_317737.png,malicious
malicious/malicious/malicious_317746.png,malicious
malicious/malicious/malicious_317843.png,malicious
malicious/malicious/malicious_317902.png,malicious
malicious/malicious/malicious_317917.png,malicious
malicious/malicious/malicious_317944.png,malicious
malicious/malicious/malicious_318044.png,malicious
malicious/malicious/malicious_318210.png,malicious
malicious/malicious/malicious_318239.png,malicious
malicious/malicious/malicious_318328.png,malicious
malicious/malicious/malicious_318398.png,malicious
malicious/malicious/malicious_318477.png,malicious
malicious/malicious/malicious_318504.png,malicious
malicious/malicious/malicious_318583.png,malicious
malicious/malicious/malicious_318635.png,malicious
malicious/malicious/malicious_318703.png,malicious
malicious/malicious/malicious_322717.png,malicious
malicious/malicious/malicious_322778.png,malicious
malicious/malicious/malicious_322889.png,malicious
malicious/malicious/malicious_322915.png,malicious
malicious/malicious/malicious_322951.png,malicious
malicious/malicious/malicious_322953.png,malicious
malicious/malicious/malicious_322961.png,malicious
malicious/malicious/malicious_323015.png,malicious
malicious/malicious/malicious_323229.png,malicious
malicious/malicious/malicious_323262.png,malicious
malicious/malicious/malicious_323271.png,malicious
malicious/malicious/malicious_323277.png,malicious
malicious/malicious/malicious_323279.png,malicious
malicious/malicious/malicious_323283.png,malicious
malicious/malicious/malicious_323304.png,malicious
malicious/malicious/malicious_323427.png,malicious
malicious/malicious/malicious_323549.png,malicious
malicious/malicious/malicious_323562.png,malicious
malicious/malicious/malicious_323632.png,malicious
malicious/malicious/malicious_323675.png,malicious
malicious/malicious/malicious_323901.png,malicious
malicious/malicious/malicious_323990.png,malicious
malicious/malicious/malicious_324060.png,malicious
malicious/malicious/malicious_324065.png,malicious
malicious/malicious/malicious_324097.png,malicious
malicious/malicious/malicious_324450.png,malicious
malicious/malicious/malicious_324452.png,malicious
malicious/malicious/malicious_324462.png,malicious
malicious/malicious/malicious_324463.png,malicious
malicious/malicious/malicious_324502.png,malicious
malicious/malicious/malicious_324507.png,malicious
malicious/malicious/malicious_324517.png,malicious
malicious/malicious/malicious_324583.png,malicious
malicious/malicious/malicious_324669.png,malicious
malicious/malicious/malicious_324695.png,malicious
malicious/malicious/malicious_324859.png,malicious
malicious/malicious/malicious_324912.png,malicious
malicious/malicious/malicious_325048.png,malicious
malicious/malicious/malicious_325079.png,malicious
malicious/malicious/malicious_325256.png,malicious
malicious/malicious/malicious_325311.png,malicious
malicious/malicious/malicious_325361.png,malicious
malicious/malicious/malicious_325433.png,malicious
malicious/malicious/malicious_325439.png,malicious
malicious/malicious/malicious_325463.png,malicious
malicious/malicious/malicious_325482.png,malicious
malicious/malicious/malicious_325534.png,malicious
malicious/malicious/malicious_325550.png,malicious
malicious/malicious/malicious_325553.png,malicious
malicious/malicious/malicious_325635.png,malicious
malicious/malicious/malicious_325637.png,malicious
malicious/malicious/malicious_325707.png,malicious
malicious/malicious/malicious_325713.png,malicious
malicious/malicious/malicious_325731.png,malicious
malicious/malicious/malicious_325739.png,malicious
malicious/malicious/malicious_325762.png,malicious
malicious/malicious/malicious_325814.png,malicious
malicious/malicious/malicious_325847.png,malicious
malicious/malicious/malicious_325857.png,malicious
malicious/malicious/malicious_325859.png,malicious
malicious/malicious/malicious_325899.png,malicious
malicious/malicious/malicious_325951.png,malicious
malicious/malicious/malicious_325988.png,malicious
malicious/malicious/malicious_326047.png,malicious
malicious/malicious/malicious_326055.png,malicious
malicious/malicious/malicious_326062.png,malicious
malicious/malicious/malicious_326064.png,malicious
malicious/malicious/malicious_326146.png,malicious
malicious/malicious/malicious_326152.png,malicious
malicious/malicious/malicious_326217.png,malicious
benign/benign/benign_10012.png,benign
benign/benign/benign_10013.png,benign
benign/benign/benign_1002.png,benign
benign/benign/benign_10021.png,benign
benign/benign/benign_10024.png,benign
benign/benign/benign_10029.png,benign
benign/benign/benign_1003.png,benign
benign/benign/benign_10030.png,benign
benign/benign/benign_10038.png,benign
benign/benign/benign_1004.png,benign
benign/benign/benign_10046.png,benign
benign/benign/benign_10068.png,benign
benign/benign/benign_10070.png,benign
benign/benign/benign_10071.png,benign
benign/benign/benign_10074.png,benign
benign/benign/benign_10075.png,benign
benign/benign/benign_10081.png,benign
benign/benign/benign_10087.png,benign
benign/benign/benign_10091.png,benign
benign/benign/benign_10100.png,benign
benign/benign/benign_10105.png,benign
benign/benign/benign_10109.png,benign
benign/benign/benign_10127.png,benign
benign/benign/benign_10133.png,benign
benign/benign/benign_10139.png,benign
benign/benign/benign_1014.png,benign
benign/benign/benign_10140.png,benign
benign/benign/benign_10141.png,benign
benign/benign/benign_10142.png,benign
benign/benign/benign_10144.png,benign
benign/benign/benign_10145.png,benign
benign/benign/benign_1015.png,benign
benign/benign/benign_10150.png,benign
benign/benign/benign_10151.png,benign
benign/benign/benign_10152.png,benign
benign/benign/benign_10154.png,benign
benign/benign/benign_10156.png,benign
benign/benign/benign_10159.png,benign
benign/benign/benign_10163.png,benign
benign/benign/benign_10168.png,benign
benign/benign/benign_10171.png,benign
benign/benign/benign_10173.png,benign
benign/benign/benign_10178.png,benign
benign/benign/benign_1019.png,benign
benign/benign/benign_10192.png,benign
benign/benign/benign_1020.png,benign
benign/benign/benign_10206.png,benign
benign/benign/benign_10211.png,benign
benign/benign/benign_10214.png,benign
benign/benign/benign_10218.png,benign
benign/benign/benign_10220.png,benign
benign/benign/benign_1023.png,benign
benign/benign/benign_10230.png,benign
benign/benign/benign_10242.png,benign
benign/benign/benign_10247.png,benign
benign/benign/benign_10248.png,benign
benign/benign/benign_10249.png,benign
benign/benign/benign_10262.png,benign
benign/benign/benign_10263.png,benign
benign/benign/benign_10279.png,benign
benign/benign/benign_10283.png,benign
benign/benign/benign_10289.png,benign
benign/benign/benign_10291.png,benign
benign/benign/benign_10292.png,benign
benign/benign/benign_10293.png,benign
benign/benign/benign_10296.png,benign
benign/benign/benign_10308.png,benign
benign/benign/benign_10311.png,benign
benign/benign/benign_1032.png,benign
benign/benign/benign_10324.png,benign
benign/benign/benign_10327.png,benign
benign/benign/benign_10329.png,benign
benign/benign/benign_1033.png,benign
benign/benign/benign_10373.png,benign
benign/benign/benign_10376.png,benign
benign/benign/benign_10383.png,benign
benign/benign/benign_10387.png,benign
benign/benign/benign_10390.png,benign
benign/benign/benign_10391.png,benign
benign/benign/benign_10393.png,benign
benign/benign/benign_10453.png,benign
benign/benign/benign_10457.png,benign
benign/benign/benign_10461.png,benign
benign/benign/benign_10466.png,benign
benign/benign/benign_10467.png,benign
benign/benign/benign_1047.png,benign
benign/benign/benign_10477.png,benign
benign/benign/benign_1054.png,benign
benign/benign/benign_10546.png,benign
benign/benign/benign_10555.png,benign
benign/benign/benign_10557.png,benign
benign/benign/benign_10589.png,benign
benign/benign/benign_1060.png,benign
benign/benign/benign_10619.png,benign
benign/benign/benign_10626.png,benign
benign/benign/benign_10680.png,benign
benign/benign/benign_10686.png,benign
benign/benign/benign_10710.png,benign
benign/benign/benign_10711.png,benign
benign/benign/benign_10718.png,benign
benign/benign/benign_10726.png,benign
benign/benign/benign_10727.png,benign
benign/benign/benign_1073.png,benign
benign/benign/benign_10731.png,benign
benign/benign/benign_10736.png,benign
benign/benign/benign_10744.png,benign
benign/benign/benign_10751.png,benign
benign/benign/benign_10755.png,benign
benign/benign/benign_10762.png,benign
benign/benign/benign_10764.png,benign
benign/benign/benign_10765.png,benign
benign/benign/benign_10768.png,benign
benign/benign/benign_10771.png,benign
benign/benign/benign_10772.png,benign
benign/benign/benign_10776.png,benign
benign/benign/benign_10785.png,benign
benign/benign/benign_10787.png,benign
benign/benign/benign_10792.png,benign
benign/benign/benign_10794.png,benign
benign/benign/benign_10798.png,benign
benign/benign/benign_10801.png,benign
benign/benign/benign_10803.png,benign
benign/benign/benign_10807.png,benign
benign/benign/benign_10822.png,benign
benign/benign/benign_10827.png,benign
benign/benign/benign_10840.png,benign
benign/benign/benign_10848.png,benign
benign/benign/benign_10849.png,benign
benign/benign/benign_1085.png,benign
benign/benign/benign_10850.png,benign
benign/benign/benign_10851.png,benign
benign/benign/benign_10853.png,benign
benign/benign/benign_10856.png,benign
benign/benign/benign_10862.png,benign
benign/benign/benign_10863.png,benign
benign/benign/benign_10865.png,benign
benign/benign/benign_10870.png,benign
benign/benign/benign_10873.png,benign
benign/benign/benign_10883.png,benign
benign/benign/benign_10899.png,benign
benign/benign/benign_1091.png,benign
benign/benign/benign_10910.png,benign
benign/benign/benign_10911.png,benign
benign/benign/benign_10924.png,benign
benign/benign/benign_1093.png,benign
benign/benign/benign_1094.png,benign
benign/benign/benign_10945.png,benign
benign/benign/benign_10948.png,benign
benign/benign/benign_10954.png,benign
benign/benign/benign_10963.png,benign
benign/benign/benign_10965.png,benign
benign/benign/benign_10969.png,benign
benign/benign/benign_10975.png,benign
benign/benign/benign_10978.png,benign
benign/benign/benign_10981.png,benign
benign/benign/benign_10984.png,benign
benign/benign/benign_10986.png,benign
benign/benign/benign_10998.png,benign
benign/benign/benign_11000.png,benign
benign/benign/benign_11009.png,benign
benign/benign/benign_1102.png,benign
benign/benign/benign_11025.png,benign
benign/benign/benign_11026.png,benign
benign/benign/benign_11028.png,benign
benign/benign/benign_11029.png,benign
benign/benign/benign_11033.png,benign
benign/benign/benign_11034.png,benign
benign/benign/benign_1106.png,benign
benign/benign/benign_11066.png,benign
benign/benign/benign_11073.png,benign
benign/benign/benign_11077.png,benign
benign/benign/benign_11088.png,benign
benign/benign/benign_11097.png,benign
benign/benign/benign_11118.png,benign
benign/benign/benign_11153.png,benign
benign/benign/benign_11165.png,benign
benign/benign/benign_11169.png,benign
benign/benign/benign_11176.png,benign
benign/benign/benign_11183.png,benign
benign/benign/benign_11195.png,benign
benign/benign/benign_11196.png,benign
benign/benign/benign_11200.png,benign
benign/benign/benign_11201.png,benign
benign/benign/benign_11202.png,benign
benign/benign/benign_11214.png,benign
benign/benign/benign_11215.png,benign
benign/benign/benign_11218.png,benign
benign/benign/benign_11219.png,benign
benign/benign/benign_11221.png,benign
benign/benign/benign_11227.png,benign
benign/benign/benign_11232.png,benign
benign/benign/benign_1125.png,benign
benign/benign/benign_11264.png,benign
benign/benign/benign_11278.png,benign
benign/benign/benign_11279.png,benign
benign/benign/benign_11280.png,benign
benign/benign/benign_11281.png,benign
benign/benign/benign_11291.png,benign
benign/benign/benign_11294.png,benign
benign/benign/benign_11296.png,benign
benign/benign/benign_11340.png,benign
benign/benign/benign_11358.png,benign
benign/benign/benign_11359.png,benign
benign/benign/benign_11361.png,benign
benign/benign/benign_11363.png,benign
benign/benign/benign_11367.png,benign
benign/benign/benign_11368.png,benign
benign/benign/benign_11369.png,benign
benign/benign/benign_11376.png,benign
benign/benign/benign_11387.png,benign
benign/benign/benign_11391.png,benign
benign/benign/benign_11393.png,benign
benign/benign/benign_11394.png,benign
benign/benign/benign_11398.png,benign
benign/benign/benign_11399.png,benign
benign/benign/benign_11407.png,benign
benign/benign/benign_11408.png,benign
benign/benign/benign_11410.png,benign
benign/benign/benign_11412.png,benign
benign/benign/benign_11431.png,benign
benign/benign/benign_11435.png,benign
benign/benign/benign_11437.png,benign
benign/benign/benign_11440.png,benign
benign/benign/benign_11458.png,benign
benign/benign/benign_11460.png,benign
benign/benign/benign_11462.png,benign
benign/benign/benign_11463.png,benign
benign/benign/benign_11464.png,benign
benign/benign/benign_11467.png,benign
benign/benign/benign_11475.png,benign
benign/benign/benign_11480.png,benign
benign/benign/benign_11484.png,benign
benign/benign/benign_11489.png,benign
benign/benign/benign_11494.png,benign
benign/benign/benign_11512.png,benign
benign/benign/benign_11513.png,benign
benign/benign/benign_11518.png,benign
benign/benign/benign_11527.png,benign
benign/benign/benign_11540.png,benign
benign/benign/benign_11548.png,benign
benign/benign/benign_11556.png,benign
benign/benign/benign_11562.png,benign
benign/benign/benign_11566.png,benign
benign/benign/benign_11572.png,benign
benign/benign/benign_11609.png,benign
benign/benign/benign_11612.png,benign
benign/benign/benign_11633.png,benign
benign/benign/benign_11654.png,benign
benign/benign/benign_11658.png,benign
benign/benign/benign_11661.png,benign
benign/benign/benign_11676.png,benign
benign/benign/benign_11677.png,benign
benign/benign/benign_11683.png,benign
benign/benign/benign_1169.png,benign
benign/benign/benign_1170.png,benign
benign/benign/benign_11705.png,benign
benign/benign/benign_11706.png,benign
benign/benign/benign_11709.png,benign
benign/benign/benign_11715.png,benign
benign/benign/benign_11717.png,benign
benign/benign/benign_11734.png,benign
benign/benign/benign_11736.png,benign
benign/benign/benign_11747.png,benign
benign/benign/benign_11751.png,benign
benign/benign/benign_11758.png,benign
benign/benign/benign_11759.png,benign
benign/benign/benign_11764.png,benign
benign/benign/benign_11765.png,benign
benign/benign/benign_11769.png,benign
benign/benign/benign_11771.png,benign
benign/benign/benign_11774.png,benign
benign/benign/benign_11775.png,benign
benign/benign/benign_11776.png,benign
benign/benign/benign_11777.png,benign
benign/benign/benign_11778.png,benign
benign/benign/benign_11779.png,benign
benign/benign/benign_11780.png,benign
benign/benign/benign_11783.png,benign
benign/benign/benign_11788.png,benign
benign/benign/benign_1179.png,benign
benign/benign/benign_11795.png,benign
benign/benign/benign_11855.png,benign
benign/benign/benign_11861.png,benign
benign/benign/benign_11863.png,benign
benign/benign/benign_11865.png,benign
benign/benign/benign_11872.png,benign
benign/benign/benign_11878.png,benign
benign/benign/benign_1189.png,benign
benign/benign/benign_11890.png,benign
benign/benign/benign_11891.png,benign
benign/benign/benign_11894.png,benign
benign/benign/benign_11896.png,benign
benign/benign/benign_11897.png,benign
benign/benign/benign_1190.png,benign
benign/benign/benign_11905.png,benign
benign/benign/benign_11909.png,benign
benign/benign/benign_11911.png,benign
benign/benign/benign_11915.png,benign
benign/benign/benign_11917.png,benign
benign/benign/benign_11924.png,benign
benign/benign/benign_11976.png,benign
benign/benign/benign_11998.png,benign
benign/benign/benign_12016.png,benign
benign/benign/benign_1202.png,benign
benign/benign/benign_12025.png,benign
benign/benign/benign_12030.png,benign
benign/benign/benign_12031.png,benign
benign/benign/benign_12032.png,benign
benign/benign/benign_12033.png,benign
benign/benign/benign_12035.png,benign
benign/benign/benign_12036.png,benign
benign/benign/benign_12037.png,benign
benign/benign/benign_12039.png,benign
benign/benign/benign_1204.png,benign
benign/benign/benign_12040.png,benign
benign/benign/benign_12042.png,benign
benign/benign/benign_12043.png,benign
benign/benign/benign_12045.png,benign
benign/benign/benign_12048.png,benign
benign/benign/benign_1205.png,benign
benign/benign/benign_12051.png,benign
benign/benign/benign_12055.png,benign
benign/benign/benign_12056.png,benign
benign/benign/benign_12061.png,benign
benign/benign/benign_12065.png,benign
benign/benign/benign_12068.png,benign
benign/benign/benign_12069.png,benign
benign/benign/benign_1207.png,benign
benign/benign/benign_12070.png,benign
benign/benign/benign_12073.png,benign
benign/benign/benign_12085.png,benign
benign/benign/benign_12091.png,benign
benign/benign/benign_1213.png,benign
benign/benign/benign_1218.png,benign
benign/benign/benign_12228.png,benign
benign/benign/benign_12240.png,benign
benign/benign/benign_12242.png,benign
benign/benign/benign_1226.png,benign
benign/benign/benign_12269.png,benign
benign/benign/benign_1227.png,benign
benign/benign/benign_12270.png,benign
benign/benign/benign_12285.png,benign
benign/benign/benign_12292.png,benign
benign/benign/benign_12293.png,benign
benign/benign/benign_12294.png,benign
benign/benign/benign_12307.png,benign
benign/benign/benign_1231.png,benign
benign/benign/benign_12310.png,benign
benign/benign/benign_12318.png,benign
benign/benign/benign_12327.png,benign
benign/benign/benign_1236.png,benign
benign/benign/benign_1242.png,benign
benign/benign/benign_1244.png,benign
benign/benign/benign_1247.png,benign
benign/benign/benign_1248.png,benign
benign/benign/benign_1257.png,benign
benign/benign/benign_12642.png,benign
benign/benign/benign_1269.png,benign
benign/benign/benign_12701.png,benign
benign/benign/benign_12730.png,benign
benign/benign/benign_12742.png,benign
benign/benign/benign_1277.png,benign
benign/benign/benign_12770.png,benign
benign/benign/benign_12772.png,benign
benign/benign/benign_12808.png,benign
benign/benign/benign_1281.png,benign
benign/benign/benign_12810.png,benign
benign/benign/benign_12812.png,benign
benign/benign/benign_12818.png,benign
benign/benign/benign_12820.png,benign
benign/benign/benign_12825.png,benign
benign/benign/benign_12826.png,benign
benign/benign/benign_12827.png,benign
benign/benign/benign_12829.png,benign
benign/benign/benign_12835.png,benign
benign/benign/benign_12839.png,benign
benign/benign/benign_1284.png,benign
benign/benign/benign_12847.png,benign
benign/benign/benign_12849.png,benign
benign/benign/benign_1286.png,benign
benign/benign/benign_12861.png,benign
benign/benign/benign_12865.png,benign
benign/benign/benign_12869.png,benign
benign/benign/benign_1287.png,benign
benign/benign/benign_12873.png,benign
benign/benign/benign_12903.png,benign
benign/benign/benign_12949.png,benign
benign/benign/benign_12950.png,benign
benign/benign/benign_12975.png,benign
benign/benign/benign_1299.png,benign
benign/benign/benign_13004.png,benign
benign/benign/benign_13006.png,benign
benign/benign/benign_13014.png,benign
benign/benign/benign_13019.png,benign
benign/benign/benign_1302.png,benign
benign/benign/benign_13022.png,benign
benign/benign/benign_1303.png,benign
benign/benign/benign_13044.png,benign
benign/benign/benign_1305.png,benign
benign/benign/benign_13050.png,benign
benign/benign/benign_13078.png,benign
benign/benign/benign_1309.png,benign
benign/benign/benign_13093.png,benign
benign/benign/benign_13099.png,benign
benign/benign/benign_13110.png,benign
benign/benign/benign_1313.png,benign
benign/benign/benign_13158.png,benign
benign/benign/benign_13178.png,benign
benign/benign/benign_1318.png,benign
benign/benign/benign_13203.png,benign
benign/benign/benign_1321.png,benign
benign/benign/benign_1323.png,benign
benign/benign/benign_1325.png,benign
benign/benign/benign_1327.png,benign
benign/benign/benign_1328.png,benign
benign/benign/benign_1333.png,benign
benign/benign/benign_1338.png,benign
benign/benign/benign_1339.png,benign
benign/benign/benign_1342.png,benign
benign/benign/benign_13439.png,benign
benign/benign/benign_1344.png,benign
benign/benign/benign_13442.png,benign
benign/benign/benign_13445.png,benign
benign/benign/benign_13472.png,benign
benign/benign/benign_13477.png,benign
benign/benign/benign_13482.png,benign
benign/benign/benign_13503.png,benign
benign/benign/benign_13504.png,benign
benign/benign/benign_13506.png,benign
benign/benign/benign_13514.png,benign
benign/benign/benign_13517.png,benign
benign/benign/benign_1352.png,benign
benign/benign/benign_1353.png,benign
benign/benign/benign_13532.png,benign
benign/benign/benign_13539.png,benign
benign/benign/benign_1354.png,benign
benign/benign/benign_1356.png,benign
benign/benign/benign_1357.png,benign
benign/benign/benign_1362.png,benign
benign/benign/benign_1364.png,benign
benign/benign/benign_1367.png,benign
benign/benign/benign_1369.png,benign
benign/benign/benign_1371.png,benign
benign/benign/benign_1392.png,benign
benign/benign/benign_14002.png,benign
benign/benign/benign_14041.png,benign
benign/benign/benign_14076.png,benign
benign/benign/benign_14261.png,benign
benign/benign/benign_14262.png,benign
benign/benign/benign_14263.png,benign
benign/benign/benign_14264.png,benign
benign/benign/benign_14265.png,benign
benign/benign/benign_14266.png,benign
benign/benign/benign_14267.png,benign
benign/benign/benign_14268.png,benign
benign/benign/benign_14288.png,benign
benign/benign/benign_14344.png,benign
benign/benign/benign_14350.png,benign
benign/benign/benign_14356.png,benign
benign/benign/benign_14394.png,benign
benign/benign/benign_1441.png,benign
benign/benign/benign_14417.png,benign
benign/benign/benign_14426.png,benign
benign/benign/benign_14436.png,benign
malicious/malicious/malicious_316274.png,malicious
malicious/malicious/malicious_316275.png,malicious
malicious/malicious/malicious_316297.png,malicious
malicious/malicious/malicious_316302.png,malicious
malicious/malicious/malicious_316329.png,malicious
malicious/malicious/malicious_316362.png,malicious
malicious/malicious/malicious_316377.png,malicious
malicious/malicious/malicious_316382.png,malicious
malicious/malicious/malicious_316416.png,malicious
malicious/malicious/malicious_316422.png,malicious
malicious/malicious/malicious_316431.png,malicious
malicious/malicious/malicious_316434.png,malicious
malicious/malicious/malicious_316442.png,malicious
malicious/malicious/malicious_316448.png,malicious
malicious/malicious/malicious_316479.png,malicious
malicious/malicious/malicious_316492.png,malicious
malicious/malicious/malicious_316521.png,malicious
malicious/malicious/malicious_316524.png,malicious
malicious/malicious/malicious_316557.png,malicious
malicious/malicious/malicious_316607.png,malicious
malicious/malicious/malicious_316622.png,malicious
malicious/malicious/malicious_316653.png,malicious
malicious/malicious/malicious_316663.png,malicious
malicious/malicious/malicious_316667.png,malicious
malicious/malicious/malicious_316669.png,malicious
malicious/malicious/malicious_316671.png,malicious
malicious/malicious/malicious_316672.png,malicious
malicious/malicious/malicious_316683.png,malicious
malicious/malicious/malicious_316696.png,malicious
malicious/malicious/malicious_316747.png,malicious
malicious/malicious/malicious_316759.png,malicious
malicious/malicious/malicious_316774.png,malicious
malicious/malicious/malicious_316786.png,malicious
malicious/malicious/malicious_316791.png,malicious
malicious/malicious/malicious_316792.png,malicious
malicious/malicious/malicious_316793.png,malicious
malicious/malicious/malicious_316854.png,malicious
malicious/malicious/malicious_316864.png,malicious
malicious/malicious/malicious_316892.png,malicious
malicious/malicious/malicious_316930.png,malicious
malicious/malicious/malicious_316958.png,malicious
malicious/malicious/malicious_316981.png,malicious
malicious/malicious/malicious_317006.png,malicious
malicious/malicious/malicious_317015.png,malicious
malicious/malicious/malicious_317043.png,malicious
malicious/malicious/malicious_317056.png,malicious
malicious/malicious/malicious_317068.png,malicious
malicious/malicious/malicious_317116.png,malicious
malicious/malicious/malicious_317166.png,malicious
malicious/malicious/malicious_317188.png,malicious
malicious/malicious/malicious_317229.png,malicious
malicious/malicious/malicious_317284.png,malicious
malicious/malicious/malicious_317287.png,malicious
malicious/malicious/malicious_317433.png,malicious
malicious/malicious/malicious_317451.png,malicious
malicious/malicious/malicious_317477.png,malicious
malicious/malicious/malicious_317496.png,malicious
malicious/malicious/malicious_317543.png,malicious
malicious/malicious/malicious_317544.png,malicious
malicious/malicious/malicious_317557.png,malicious
malicious/malicious/malicious_317625.png,malicious
malicious/malicious/malicious_317629.png,malicious
malicious/malicious/malicious_317712.png,malicious
malicious/malicious/malicious_317733.png,malicious
malicious/malicious/malicious_317739.png,malicious
malicious/malicious/malicious_317748.png,malicious
malicious/malicious/malicious_317775.png,malicious
malicious/malicious/malicious_317778.png,malicious
malicious/malicious/malicious_317794.png,malicious
malicious/malicious/malicious_317795.png,malicious
malicious/malicious/malicious_317896.png,malicious
malicious/malicious/malicious_317942.png,malicious
malicious/malicious/malicious_317999.png,malicious
malicious/malicious/malicious_318015.png,malicious
malicious/malicious/malicious_318043.png,malicious
malicious/malicious/malicious_318106.png,malicious
malicious/malicious/malicious_318112.png,malicious
malicious/malicious/malicious_318135.png,malicious
malicious/malicious/malicious_318150.png,malicious
malicious/malicious/malicious_318225.png,malicious
malicious/malicious/malicious_318354.png,malicious
malicious/malicious/malicious_318368.png,malicious
malicious/malicious/malicious_318449.png,malicious
malicious/malicious/malicious_318459.png,malicious
malicious/malicious/malicious_318460.png,malicious
malicious/malicious/malicious_318463.png,malicious
malicious/malicious/malicious_318472.png,malicious
malicious/malicious/malicious_318537.png,malicious
malicious/malicious/malicious_318667.png,malicious
malicious/malicious/malicious_318682.png,malicious
malicious/malicious/malicious_318693.png,malicious
malicious/malicious/malicious_318701.png,malicious
malicious/malicious/malicious_318716.png,malicious
malicious/malicious/malicious_318717.png,malicious
malicious/malicious/malicious_318729.png,malicious
malicious/malicious/malicious_318730.png,malicious
malicious/malicious/malicious_318749.png,malicious
malicious/malicious/malicious_318760.png,malicious
malicious/malicious/malicious_318767.png,malicious
malicious/malicious/malicious_318777.png,malicious
malicious/malicious/malicious_318841.png,malicious
malicious/malicious/malicious_318860.png,malicious
malicious/malicious/malicious_318865.png,malicious
malicious/malicious/malicious_318874.png,malicious
malicious/malicious/malicious_318901.png,malicious
malicious/malicious/malicious_318905.png,malicious
malicious/malicious/malicious_318917.png,malicious
malicious/malicious/malicious_318919.png,malicious
malicious/malicious/malicious_318931.png,malicious
malicious/malicious/malicious_318968.png,malicious
malicious/malicious/malicious_318982.png,malicious
malicious/malicious/malicious_318991.png,malicious
malicious/malicious/malicious_318992.png,malicious
malicious/malicious/malicious_319019.png,malicious
malicious/malicious/malicious_319068.png,malicious
malicious/malicious/malicious_319093.png,malicious
malicious/malicious/malicious_319126.png,malicious
malicious/malicious/malicious_319155.png,malicious
malicious/malicious/malicious_319172.png,malicious
malicious/malicious/malicious_319173.png,malicious
malicious/malicious/malicious_319187.png,malicious
malicious/malicious/malicious_319243.png,malicious
malicious/malicious/malicious_319246.png,malicious
malicious/malicious/malicious_319255.png,malicious
malicious/malicious/malicious_319267.png,malicious
malicious/malicious/malicious_319270.png,malicious
malicious/malicious/malicious_319285.png,malicious
malicious/malicious/malicious_319316.png,malicious
malicious/malicious/malicious_319319.png,malicious
malicious/malicious/malicious_319342.png,malicious
malicious/malicious/malicious_319350.png,malicious
malicious/malicious/malicious_319399.png,malicious
malicious/malicious/malicious_319436.png,malicious
malicious/malicious/malicious_319453.png,malicious
malicious/malicious/malicious_319489.png,malicious
malicious/malicious/malicious_319496.png,malicious
malicious/malicious/malicious_319527.png,malicious
malicious/malicious/malicious_319534.png,malicious
malicious/malicious/malicious_319564.png,malicious
malicious/malicious/malicious_319565.png,malicious
malicious/malicious/malicious_319657.png,malicious
malicious/malicious/malicious_319661.png,malicious
malicious/malicious/malicious_319677.png,malicious
malicious/malicious/malicious_319678.png,malicious
malicious/malicious/malicious_319704.png,malicious
malicious/malicious/malicious_319707.png,malicious
malicious/malicious/malicious_319754.png,malicious
malicious/malicious/malicious_319805.png,malicious
malicious/malicious/malicious_319830.png,malicious
malicious/malicious/malicious_319865.png,malicious
malicious/malicious/malicious_319905.png,malicious
malicious/malicious/malicious_319908.png,malicious
malicious/malicious/malicious_320025.png,malicious
malicious/malicious/malicious_320060.png,malicious
malicious/malicious/malicious_320070.png,malicious
malicious/malicious/malicious_320106.png,malicious
malicious/malicious/malicious_320159.png,malicious
malicious/malicious/malicious_320181.png,malicious
malicious/malicious/malicious_320192.png,malicious
malicious/malicious/malicious_320201.png,malicious
malicious/malicious/malicious_320210.png,malicious
malicious/malicious/malicious_320225.png,malicious
malicious/malicious/malicious_320233.png,malicious
malicious/malicious/malicious_320246.png,malicious
malicious/malicious/malicious_320251.png,malicious
malicious/malicious/malicious_320292.png,malicious
malicious/malicious/malicious_320301.png,malicious
malicious/malicious/malicious_320304.png,malicious
malicious/malicious/malicious_320451.png,malicious
malicious/malicious/malicious_320471.png,malicious
malicious/malicious/malicious_320483.png,malicious
malicious/malicious/malicious_320490.png,malicious
malicious/malicious/malicious_320509.png,malicious
malicious/malicious/malicious_320525.png,malicious
malicious/malicious/malicious_320547.png,malicious
malicious/malicious/malicious_320549.png,malicious
malicious/malicious/malicious_320561.png,malicious
malicious/malicious/malicious_320578.png,malicious
malicious/malicious/malicious_320584.png,malicious
malicious/malicious/malicious_320591.png,malicious
malicious/malicious/malicious_320616.png,malicious
malicious/malicious/malicious_320620.png,malicious
malicious/malicious/malicious_320663.png,malicious
malicious/malicious/malicious_320681.png,malicious
malicious/malicious/malicious_320693.png,malicious
malicious/malicious/malicious_320696.png,malicious
malicious/malicious/malicious_320726.png,malicious
malicious/malicious/malicious_320848.png,malicious
malicious/malicious/malicious_320878.png,malicious
malicious/malicious/malicious_320917.png,malicious
malicious/malicious/malicious_320950.png,malicious
malicious/malicious/malicious_320951.png,malicious
malicious/malicious/malicious_320973.png,malicious
malicious/malicious/malicious_320991.png,malicious
malicious/malicious/malicious_321030.png,malicious
malicious/malicious/malicious_321083.png,malicious
malicious/malicious/malicious_321124.png,malicious
malicious/malicious/malicious_321133.png,malicious
malicious/malicious/malicious_321175.png,malicious
malicious/malicious/malicious_321177.png,malicious
malicious/malicious/malicious_321216.png,malicious
malicious/malicious/malicious_321236.png,malicious
malicious/malicious/malicious_321247.png,malicious
malicious/malicious/malicious_321373.png,malicious
malicious/malicious/malicious_321423.png,malicious
malicious/malicious/malicious_321465.png,malicious
malicious/malicious/malicious_321479.png,malicious
malicious/malicious/malicious_321497.png,malicious
malicious/malicious/malicious_321502.png,malicious
malicious/malicious/malicious_321505.png,malicious
malicious/malicious/malicious_321510.png,malicious
malicious/malicious/malicious_321563.png,malicious
malicious/malicious/malicious_321602.png,malicious
malicious/malicious/malicious_321610.png,malicious
malicious/malicious/malicious_321613.png,malicious
malicious/malicious/malicious_321695.png,malicious
malicious/malicious/malicious_321726.png,malicious
malicious/malicious/malicious_321827.png,malicious
malicious/malicious/malicious_321851.png,malicious
malicious/malicious/malicious_321856.png,malicious
malicious/malicious/malicious_321895.png,malicious
malicious/malicious/malicious_321901.png,malicious
malicious/malicious/malicious_321904.png,malicious
malicious/malicious/malicious_321954.png,malicious
malicious/malicious/malicious_321958.png,malicious
malicious/malicious/malicious_321994.png,malicious
malicious/malicious/malicious_321996.png,malicious
malicious/malicious/malicious_322021.png,malicious
malicious/malicious/malicious_322039.png,malicious
malicious/malicious/malicious_322040.png,malicious
malicious/malicious/malicious_322108.png,malicious
malicious/malicious/malicious_322126.png,malicious
malicious/malicious/malicious_322177.png,malicious
malicious/malicious/malicious_322187.png,malicious
malicious/malicious/malicious_322202.png,malicious
malicious/malicious/malicious_322207.png,malicious
malicious/malicious/malicious_322303.png,malicious
malicious/malicious/malicious_322314.png,malicious
malicious/malicious/malicious_322322.png,malicious
malicious/malicious/malicious_322336.png,malicious
malicious/malicious/malicious_322346.png,malicious
malicious/malicious/malicious_322357.png,malicious
malicious/malicious/malicious_322364.png,malicious
malicious/malicious/malicious_322365.png,malicious
malicious/malicious/malicious_322411.png,malicious
malicious/malicious/malicious_322426.png,malicious
malicious/malicious/malicious_322466.png,malicious
malicious/malicious/malicious_322475.png,malicious
malicious/malicious/malicious_322482.png,malicious
malicious/malicious/malicious_322551.png,malicious
malicious/malicious/malicious_322593.png,malicious
malicious/malicious/malicious_322641.png,malicious
malicious/malicious/malicious_322683.png,malicious
malicious/malicious/malicious_322686.png,malicious
malicious/malicious/malicious_322689.png,malicious
malicious/malicious/malicious_322708.png,malicious
malicious/malicious/malicious_322711.png,malicious
malicious/malicious/malicious_322736.png,malicious
malicious/malicious/malicious_322742.png,malicious
malicious/malicious/malicious_322777.png,malicious
malicious/malicious/malicious_322830.png,malicious
malicious/malicious/malicious_322833.png,malicious
malicious/malicious/malicious_322843.png,malicious
malicious/malicious/malicious_322864.png,malicious
malicious/malicious/malicious_322880.png,malicious
malicious/malicious/malicious_322881.png,malicious
malicious/malicious/malicious_322903.png,malicious
malicious/malicious/malicious_322960.png,malicious
malicious/malicious/malicious_322972.png,malicious
malicious/malicious/malicious_323033.png,malicious
malicious/malicious/malicious_323198.png,malicious
malicious/malicious/malicious_323208.png,malicious
malicious/malicious/malicious_323213.png,malicious
malicious/malicious/malicious_323224.png,malicious
malicious/malicious/malicious_323240.png,malicious
malicious/malicious/malicious_323241.png,malicious
malicious/malicious/malicious_323250.png,malicious
malicious/malicious/malicious_323253.png,malicious
malicious/malicious/malicious_323254.png,malicious
malicious/malicious/malicious_323255.png,malicious
malicious/malicious/malicious_323257.png,malicious
malicious/malicious/malicious_323261.png,malicious
malicious/malicious/malicious_323264.png,malicious
malicious/malicious/malicious_323268.png,malicious
malicious/malicious/malicious_323269.png,malicious
malicious/malicious/malicious_323274.png,malicious
malicious/malicious/malicious_323275.png,malicious
malicious/malicious/malicious_323280.png,malicious
malicious/malicious/malicious_323285.png,malicious
malicious/malicious/malicious_323288.png,malicious
malicious/malicious/malicious_323289.png,malicious
malicious/malicious/malicious_323291.png,malicious
malicious/malicious/malicious_323303.png,malicious
malicious/malicious/malicious_323445.png,malicious
malicious/malicious/malicious_323470.png,malicious
malicious/malicious/malicious_323482.png,malicious
malicious/malicious/malicious_323511.png,malicious
malicious/malicious/malicious_323551.png,malicious
malicious/malicious/malicious_323552.png,malicious
malicious/malicious/malicious_323553.png,malicious
malicious/malicious/malicious_323558.png,malicious
malicious/malicious/malicious_323574.png,malicious
malicious/malicious/malicious_323575.png,malicious
malicious/malicious/malicious_323594.png,malicious
malicious/malicious/malicious_323644.png,malicious
malicious/malicious/malicious_323647.png,malicious
malicious/malicious/malicious_323648.png,malicious
malicious/malicious/malicious_323652.png,malicious
malicious/malicious/malicious_323659.png,malicious
malicious/malicious/malicious_323665.png,malicious
malicious/malicious/malicious_323680.png,malicious
malicious/malicious/malicious_323682.png,malicious
malicious/malicious/malicious_323692.png,malicious
malicious/malicious/malicious_323693.png,malicious
malicious/malicious/malicious_323694.png,malicious
malicious/malicious/malicious_323710.png,malicious
malicious/malicious/malicious_323711.png,malicious
malicious/malicious/malicious_323712.png,malicious
malicious/malicious/malicious_323713.png,malicious
malicious/malicious/malicious_323714.png,malicious
malicious/malicious/malicious_323715.png,malicious
malicious/malicious/malicious_323722.png,malicious
malicious/malicious/malicious_323765.png,malicious
malicious/malicious/malicious_323770.png,malicious
malicious/malicious/malicious_323777.png,malicious
malicious/malicious/malicious_323779.png,malicious
malicious/malicious/malicious_323784.png,malicious
malicious/malicious/malicious_323790.png,malicious
malicious/malicious/malicious_323795.png,malicious
malicious/malicious/malicious_323798.png,malicious
malicious/malicious/malicious_323809.png,malicious
malicious/malicious/malicious_323815.png,malicious
malicious/malicious/malicious_323850.png,malicious
malicious/malicious/malicious_323857.png,malicious
malicious/malicious/malicious_323884.png,malicious
malicious/malicious/malicious_323918.png,malicious
malicious/malicious/malicious_323923.png,malicious
malicious/malicious/malicious_323924.png,malicious
malicious/malicious/malicious_323939.png,malicious
malicious/malicious/malicious_323950.png,malicious
malicious/malicious/malicious_323966.png,malicious
malicious/malicious/malicious_323967.png,malicious
malicious/malicious/malicious_323968.png,malicious
malicious/malicious/malicious_323969.png,malicious
malicious/malicious/malicious_323975.png,malicious
malicious/malicious/malicious_323992.png,malicious
malicious/malicious/malicious_324023.png,malicious
malicious/malicious/malicious_324024.png,malicious
malicious/malicious/malicious_324025.png,malicious
malicious/malicious/malicious_324026.png,malicious
malicious/malicious/malicious_324027.png,malicious
malicious/malicious/malicious_324029.png,malicious
malicious/malicious/malicious_324030.png,malicious
malicious/malicious/malicious_324031.png,malicious
malicious/malicious/malicious_324032.png,malicious
malicious/malicious/malicious_324033.png,malicious
malicious/malicious/malicious_324042.png,malicious
malicious/malicious/malicious_324143.png,malicious
malicious/malicious/malicious_324227.png,malicious
malicious/malicious/malicious_324254.png,malicious
malicious/malicious/malicious_324276.png,malicious
malicious/malicious/malicious_324277.png,malicious
malicious/malicious/malicious_324278.png,malicious
malicious/malicious/malicious_324279.png,malicious
malicious/malicious/malicious_324283.png,malicious
malicious/malicious/malicious_324329.png,malicious
malicious/malicious/malicious_324341.png,malicious
malicious/malicious/malicious_324359.png,malicious
malicious/malicious/malicious_324380.png,malicious
malicious/malicious/malicious_324421.png,malicious
malicious/malicious/malicious_324427.png,malicious
malicious/malicious/malicious_324469.png,malicious
malicious/malicious/malicious_324498.png,malicious
malicious/malicious/malicious_324512.png,malicious
malicious/malicious/malicious_324520.png,malicious
malicious/malicious/malicious_324528.png,malicious
malicious/malicious/malicious_324534.png,malicious
malicious/malicious/malicious_324546.png,malicious
malicious/malicious/malicious_324568.png,malicious
malicious/malicious/malicious_324571.png,malicious
malicious/malicious/malicious_324573.png,malicious
malicious/malicious/malicious_324599.png,malicious
malicious/malicious/malicious_324607.png,malicious
malicious/malicious/malicious_324619.png,malicious
malicious/malicious/malicious_324623.png,malicious
malicious/malicious/malicious_324642.png,malicious
malicious/malicious/malicious_324643.png,malicious
malicious/malicious/malicious_324646.png,malicious
malicious/malicious/malicious_324648.png,malicious
malicious/malicious/malicious_324661.png,malicious
malicious/malicious/malicious_324687.png,malicious
malicious/malicious/malicious_324688.png,malicious
malicious/malicious/malicious_324754.png,malicious
malicious/malicious/malicious_324761.png,malicious
malicious/malicious/malicious_324774.png,malicious
malicious/malicious/malicious_324783.png,malicious
malicious/malicious/malicious_324792.png,malicious
malicious/malicious/malicious_324799.png,malicious
malicious/malicious/malicious_324805.png,malicious
malicious/malicious/malicious_324828.png,malicious
malicious/malicious/malicious_324830.png,malicious
malicious/malicious/malicious_324837.png,malicious
malicious/malicious/malicious_324849.png,malicious
malicious/malicious/malicious_324856.png,malicious
malicious/malicious/malicious_324872.png,malicious
malicious/malicious/malicious_324879.png,malicious
malicious/malicious/malicious_324896.png,malicious
malicious/malicious/malicious_324903.png,malicious
malicious/malicious/malicious_324917.png,malicious
malicious/malicious/malicious_324928.png,malicious
malicious/malicious/malicious_324945.png,malicious
malicious/malicious/malicious_324949.png,malicious
malicious/malicious/malicious_324951.png,malicious
malicious/malicious/malicious_324954.png,malicious
malicious/malicious/malicious_324963.png,malicious
malicious/malicious/malicious_324966.png,malicious
malicious/malicious/malicious_324997.png,malicious
malicious/malicious/malicious_325007.png,malicious
malicious/malicious/malicious_325027.png,malicious
malicious/malicious/malicious_325045.png,malicious
malicious/malicious/malicious_325091.png,malicious
malicious/malicious/malicious_325103.png,malicious
malicious/malicious/malicious_325105.png,malicious
malicious/malicious/malicious_325155.png,malicious
malicious/malicious/malicious_325170.png,malicious
malicious/malicious/malicious_325214.png,malicious
malicious/malicious/malicious_325234.png,malicious
malicious/malicious/malicious_325257.png,malicious
malicious/malicious/malicious_325258.png,malicious
malicious/malicious/malicious_325292.png,malicious
malicious/malicious/malicious_325319.png,malicious
malicious/malicious/malicious_325323.png,malicious
malicious/malicious/malicious_325417.png,malicious
malicious/malicious/malicious_325435.png,malicious
malicious/malicious/malicious_325451.png,malicious
malicious/malicious/malicious_325476.png,malicious
malicious/malicious/malicious_325477.png,malicious
malicious/malicious/malicious_325521.png,malicious
malicious/malicious/malicious_325584.png,malicious
malicious/malicious/malicious_325622.png,malicious
malicious/malicious/malicious_325682.png,malicious
malicious/malicious/malicious_325854.png,malicious
malicious/malicious/malicious_325867.png,malicious
malicious/malicious/malicious_325888.png,malicious
malicious/malicious/malicious_325894.png,malicious
malicious/malicious/malicious_325918.png,malicious
malicious/malicious/malicious_325948.png,malicious
malicious/malicious/malicious_326002.png,malicious
malicious/malicious/malicious_326006.png,malicious
malicious/malicious/malicious_326048.png,malicious
malicious/malicious/malicious_326050.png,malicious
malicious/malicious/malicious_326054.png,malicious
malicious/malicious/malicious_326065.png,malicious
malicious/malicious/malicious_326105.png,malicious
malicious/malicious/malicious_326116.png,malicious
malicious/malicious/malicious_326138.png,malicious
malicious/malicious/malicious_326141.png,malicious
malicious/malicious/malicious_326158.png,malicious
malicious/malicious/malicious_326165.png,malicious
malicious/malicious/malicious_326178.png,malicious
malicious/malicious/malicious_326179.png,malicious
malicious/malicious/malicious_326201.png,malicious
malicious/malicious/malicious_326233.png,malicious
malicious/malicious/malicious_326234.png,malicious
benign/benign/benign_10020.png,benign
benign/benign/benign_10035.png,benign
benign/benign/benign_10036.png,benign
benign/benign/benign_10042.png,benign
benign/benign/benign_1006.png,benign
benign/benign/benign_10077.png,benign
benign/benign/benign_10093.png,benign
benign/benign/benign_10094.png,benign
benign/benign/benign_1010.png,benign
benign/benign/benign_10108.png,benign
benign/benign/benign_10118.png,benign
benign/benign/benign_1012.png,benign
benign/benign/benign_10155.png,benign
benign/benign/benign_10160.png,benign
benign/benign/benign_1017.png,benign
benign/benign/benign_10177.png,benign
benign/benign/benign_10187.png,benign
benign/benign/benign_10203.png,benign
benign/benign/benign_10209.png,benign
benign/benign/benign_1021.png,benign
benign/benign/benign_10212.png,benign
benign/benign/benign_10217.png,benign
benign/benign/benign_1022.png,benign
benign/benign/benign_10221.png,benign
benign/benign/benign_10240.png,benign
benign/benign/benign_10241.png,benign
benign/benign/benign_1025.png,benign
benign/benign/benign_10277.png,benign
benign/benign/benign_10297.png,benign
benign/benign/benign_10321.png,benign
benign/benign/benign_10333.png,benign
benign/benign/benign_1036.png,benign
benign/benign/benign_10377.png,benign
benign/benign/benign_10378.png,benign
benign/benign/benign_10385.png,benign
benign/benign/benign_10388.png,benign
benign/benign/benign_1039.png,benign
benign/benign/benign_10392.png,benign
benign/benign/benign_10394.png,benign
benign/benign/benign_10401.png,benign
benign/benign/benign_1044.png,benign
benign/benign/benign_10448.png,benign
benign/benign/benign_1046.png,benign
benign/benign/benign_10470.png,benign
benign/benign/benign_1052.png,benign
benign/benign/benign_10525.png,benign
benign/benign/benign_10536.png,benign
benign/benign/benign_10539.png,benign
benign/benign/benign_1055.png,benign
benign/benign/benign_1056.png,benign
benign/benign/benign_10595.png,benign
benign/benign/benign_10596.png,benign
benign/benign/benign_10612.png,benign
benign/benign/benign_10617.png,benign
benign/benign/benign_1065.png,benign
benign/benign/benign_1067.png,benign
benign/benign/benign_10683.png,benign
benign/benign/benign_10691.png,benign
benign/benign/benign_10694.png,benign
benign/benign/benign_10696.png,benign
benign/benign/benign_10705.png,benign
benign/benign/benign_1072.png,benign
benign/benign/benign_10760.png,benign
benign/benign/benign_10763.png,benign
benign/benign/benign_10766.png,benign
benign/benign/benign_10767.png,benign
benign/benign/benign_10773.png,benign
benign/benign/benign_10774.png,benign
benign/benign/benign_10775.png,benign
benign/benign/benign_10783.png,benign
benign/benign/benign_10786.png,benign
benign/benign/benign_10795.png,benign
benign/benign/benign_10796.png,benign
benign/benign/benign_10797.png,benign
benign/benign/benign_1080.png,benign
benign/benign/benign_10806.png,benign
benign/benign/benign_10809.png,benign
benign/benign/benign_10811.png,benign
benign/benign/benign_10812.png,benign
benign/benign/benign_10813.png,benign
benign/benign/benign_10814.png,benign
benign/benign/benign_10818.png,benign
benign/benign/benign_10823.png,benign
benign/benign/benign_10824.png,benign
benign/benign/benign_10829.png,benign
benign/benign/benign_10831.png,benign
benign/benign/benign_10836.png,benign
benign/benign/benign_10837.png,benign
benign/benign/benign_10839.png,benign
benign/benign/benign_10852.png,benign
benign/benign/benign_10855.png,benign
benign/benign/benign_10857.png,benign
benign/benign/benign_10864.png,benign
benign/benign/benign_10876.png,benign
benign/benign/benign_1088.png,benign
benign/benign/benign_10886.png,benign
benign/benign/benign_10887.png,benign
benign/benign/benign_10889.png,benign
benign/benign/benign_10893.png,benign
benign/benign/benign_10895.png,benign
benign/benign/benign_10896.png,benign
benign/benign/benign_10898.png,benign
benign/benign/benign_10905.png,benign
benign/benign/benign_10917.png,benign
benign/benign/benign_10922.png,benign
benign/benign/benign_10946.png,benign
benign/benign/benign_10952.png,benign
benign/benign/benign_10961.png,benign
benign/benign/benign_10987.png,benign
benign/benign/benign_11004.png,benign
benign/benign/benign_11014.png,benign
benign/benign/benign_11019.png,benign
benign/benign/benign_11022.png,benign
benign/benign/benign_1103.png,benign
benign/benign/benign_11031.png,benign
benign/benign/benign_11050.png,benign
benign/benign/benign_11052.png,benign
benign/benign/benign_11056.png,benign
benign/benign/benign_11060.png,benign
benign/benign/benign_11063.png,benign
benign/benign/benign_11076.png,benign
benign/benign/benign_1108.png,benign
benign/benign/benign_11080.png,benign
benign/benign/benign_1117.png,benign
benign/benign/benign_11170.png,benign
benign/benign/benign_11172.png,benign
benign/benign/benign_11182.png,benign
benign/benign/benign_1119.png,benign
benign/benign/benign_11213.png,benign
benign/benign/benign_11220.png,benign
benign/benign/benign_1124.png,benign
benign/benign/benign_11240.png,benign
benign/benign/benign_11241.png,benign
benign/benign/benign_11254.png,benign
benign/benign/benign_11258.png,benign
benign/benign/benign_11267.png,benign
benign/benign/benign_11269.png,benign
benign/benign/benign_11276.png,benign
benign/benign/benign_1128.png,benign
benign/benign/benign_11287.png,benign
benign/benign/benign_11288.png,benign
benign/benign/benign_11290.png,benign
benign/benign/benign_11292.png,benign
benign/benign/benign_1130.png,benign
benign/benign/benign_11303.png,benign
benign/benign/benign_11316.png,benign
benign/benign/benign_1132.png,benign
benign/benign/benign_11323.png,benign
benign/benign/benign_1133.png,benign
benign/benign/benign_11332.png,benign
benign/benign/benign_1135.png,benign
benign/benign/benign_1136.png,benign
benign/benign/benign_11365.png,benign
benign/benign/benign_11371.png,benign
benign/benign/benign_11372.png,benign
benign/benign/benign_11409.png,benign
benign/benign/benign_11419.png,benign
benign/benign/benign_1142.png,benign
benign/benign/benign_11421.png,benign
benign/benign/benign_1143.png,benign
benign/benign/benign_11441.png,benign
benign/benign/benign_1145.png,benign
benign/benign/benign_11456.png,benign
benign/benign/benign_1146.png,benign
benign/benign/benign_11466.png,benign
benign/benign/benign_11479.png,benign
benign/benign/benign_1148.png,benign
benign/benign/benign_1149.png,benign
benign/benign/benign_11491.png,benign
benign/benign/benign_11499.png,benign
benign/benign/benign_1150.png,benign
benign/benign/benign_1151.png,benign
benign/benign/benign_1153.png,benign
benign/benign/benign_11542.png,benign
benign/benign/benign_1157.png,benign
benign/benign/benign_1158.png,benign
benign/benign/benign_1161.png,benign
benign/benign/benign_1162.png,benign
benign/benign/benign_1163.png,benign
benign/benign/benign_1165.png,benign
benign/benign/benign_11666.png,benign
benign/benign/benign_1168.png,benign
benign/benign/benign_11684.png,benign
benign/benign/benign_11687.png,benign
benign/benign/benign_11712.png,benign
benign/benign/benign_11724.png,benign
benign/benign/benign_11737.png,benign
benign/benign/benign_11738.png,benign
benign/benign/benign_1175.png,benign
benign/benign/benign_11750.png,benign
benign/benign/benign_11757.png,benign
benign/benign/benign_11768.png,benign
benign/benign/benign_11772.png,benign
benign/benign/benign_11786.png,benign
benign/benign/benign_11797.png,benign
benign/benign/benign_11800.png,benign
benign/benign/benign_11810.png,benign
benign/benign/benign_1182.png,benign
benign/benign/benign_1184.png,benign
benign/benign/benign_11848.png,benign
benign/benign/benign_1185.png,benign
benign/benign/benign_11862.png,benign
benign/benign/benign_11879.png,benign
benign/benign/benign_11888.png,benign
benign/benign/benign_11903.png,benign
benign/benign/benign_11908.png,benign
benign/benign/benign_1196.png,benign
benign/benign/benign_1198.png,benign
benign/benign/benign_11990.png,benign
benign/benign/benign_11992.png,benign
benign/benign/benign_11994.png,benign
benign/benign/benign_11996.png,benign
benign/benign/benign_11997.png,benign
benign/benign/benign_12000.png,benign
benign/benign/benign_12002.png,benign
benign/benign/benign_12004.png,benign
benign/benign/benign_12005.png,benign
benign/benign/benign_12009.png,benign
benign/benign/benign_12011.png,benign
benign/benign/benign_12022.png,benign
benign/benign/benign_12044.png,benign
benign/benign/benign_12049.png,benign
benign/benign/benign_12066.png,benign
benign/benign/benign_12071.png,benign
benign/benign/benign_12075.png,benign
benign/benign/benign_12076.png,benign
benign/benign/benign_12077.png,benign
benign/benign/benign_12079.png,benign
benign/benign/benign_12088.png,benign
benign/benign/benign_1212.png,benign
benign/benign/benign_12237.png,benign
benign/benign/benign_12241.png,benign
benign/benign/benign_12243.png,benign
benign/benign/benign_12266.png,benign
benign/benign/benign_12271.png,benign
benign/benign/benign_12272.png,benign
benign/benign/benign_12273.png,benign
benign/benign/benign_12281.png,benign
benign/benign/benign_12306.png,benign
benign/benign/benign_1232.png,benign
benign/benign/benign_12329.png,benign
benign/benign/benign_1240.png,benign
benign/benign/benign_1245.png,benign
benign/benign/benign_1250.png,benign
benign/benign/benign_1254.png,benign
benign/benign/benign_1260.png,benign
benign/benign/benign_12646.png,benign
benign/benign/benign_12648.png,benign
benign/benign/benign_12655.png,benign
benign/benign/benign_1272.png,benign
benign/benign/benign_12721.png,benign
benign/benign/benign_12726.png,benign
benign/benign/benign_12728.png,benign
benign/benign/benign_1273.png,benign
benign/benign/benign_1275.png,benign
benign/benign/benign_12755.png,benign
benign/benign/benign_12761.png,benign
benign/benign/benign_12769.png,benign
benign/benign/benign_12771.png,benign
benign/benign/benign_12773.png,benign
benign/benign/benign_12780.png,benign
benign/benign/benign_1279.png,benign
benign/benign/benign_1282.png,benign
benign/benign/benign_12830.png,benign
benign/benign/benign_12836.png,benign
benign/benign/benign_12863.png,benign
benign/benign/benign_12867.png,benign
benign/benign/benign_12870.png,benign
benign/benign/benign_12875.png,benign
benign/benign/benign_12877.png,benign
benign/benign/benign_12879.png,benign
benign/benign/benign_12880.png,benign
benign/benign/benign_12884.png,benign
benign/benign/benign_12886.png,benign
benign/benign/benign_1294.png,benign
benign/benign/benign_12977.png,benign
benign/benign/benign_1298.png,benign
benign/benign/benign_12983.png,benign
benign/benign/benign_12987.png,benign
benign/benign/benign_13002.png,benign
benign/benign/benign_13053.png,benign
benign/benign/benign_13067.png,benign
benign/benign/benign_1307.png,benign
benign/benign/benign_13079.png,benign
benign/benign/benign_13084.png,benign
benign/benign/benign_13098.png,benign
benign/benign/benign_13129.png,benign
benign/benign/benign_13139.png,benign
benign/benign/benign_13140.png,benign
benign/benign/benign_13141.png,benign
benign/benign/benign_13149.png,benign
benign/benign/benign_13161.png,benign
benign/benign/benign_13162.png,benign
benign/benign/benign_13186.png,benign
benign/benign/benign_1322.png,benign
benign/benign/benign_1324.png,benign
benign/benign/benign_1329.png,benign
benign/benign/benign_13311.png,benign
benign/benign/benign_13318.png,benign
benign/benign/benign_13321.png,benign
benign/benign/benign_13323.png,benign
benign/benign/benign_13343.png,benign
benign/benign/benign_13357.png,benign
benign/benign/benign_13382.png,benign
benign/benign/benign_13391.png,benign
benign/benign/benign_1341.png,benign
benign/benign/benign_13423.png,benign
benign/benign/benign_1345.png,benign
benign/benign/benign_1346.png,benign
benign/benign/benign_13468.png,benign
benign/benign/benign_13474.png,benign
benign/benign/benign_13475.png,benign
benign/benign/benign_13524.png,benign
benign/benign/benign_1355.png,benign
benign/benign/benign_1359.png,benign
benign/benign/benign_1376.png,benign
benign/benign/benign_1377.png,benign
benign/benign/benign_1391.png,benign
benign/benign/benign_1396.png,benign
benign/benign/benign_1408.png,benign
benign/benign/benign_1421.png,benign
benign/benign/benign_1425.png,benign
benign/benign/benign_1429.png,benign
benign/benign/benign_14301.png,benign
benign/benign/benign_14302.png,benign
benign/benign/benign_14303.png,benign
benign/benign/benign_14304.png,benign
benign/benign/benign_14319.png,benign
benign/benign/benign_14334.png,benign
benign/benign/benign_14345.png,benign
benign/benign/benign_14389.png,benign
benign/benign/benign_14406.png,benign
benign/benign/benign_14431.png,benign
benign/benign/benign_14458.png,benign
benign/benign/benign_14459.png,benign
benign/benign/benign_14460.png,benign
benign/benign/benign_14562.png,benign
benign/benign/benign_14624.png,benign
benign/benign/benign_1463.png,benign
benign/benign/benign_14675.png,benign
benign/benign/benign_14677.png,benign
benign/benign/benign_1474.png,benign
benign/benign/benign_14767.png,benign
benign/benign/benign_14774.png,benign
benign/benign/benign_14779.png,benign
benign/benign/benign_1479.png,benign
benign/benign/benign_1480.png,benign
benign/benign/benign_14800.png,benign
benign/benign/benign_1483.png,benign
benign/benign/benign_14881.png,benign
benign/benign/benign_14921.png,benign
benign/benign/benign_14923.png,benign
benign/benign/benign_1507.png,benign
benign/benign/benign_1508.png,benign
benign/benign/benign_1512.png,benign
benign/benign/benign_15170.png,benign
benign/benign/benign_15200.png,benign
benign/benign/benign_15201.png,benign
benign/benign/benign_15207.png,benign
benign/benign/benign_15208.png,benign
benign/benign/benign_15209.png,benign
benign/benign/benign_15210.png,benign
benign/benign/benign_15211.png,benign
benign/benign/benign_15212.png,benign
benign/benign/benign_15213.png,benign
benign/benign/benign_15214.png,benign
benign/benign/benign_15215.png,benign
benign/benign/benign_15216.png,benign
benign/benign/benign_15217.png,benign
benign/benign/benign_15218.png,benign
benign/benign/benign_15219.png,benign
benign/benign/benign_15220.png,benign
benign/benign/benign_15221.png,benign
benign/benign/benign_15222.png,benign
benign/benign/benign_15223.png,benign
benign/benign/benign_15224.png,benign
benign/benign/benign_15225.png,benign
benign/benign/benign_15226.png,benign
benign/benign/benign_15227.png,benign
benign/benign/benign_15228.png,benign
benign/benign/benign_15229.png,benign
benign/benign/benign_15230.png,benign
benign/benign/benign_15231.png,benign
benign/benign/benign_1524.png,benign
benign/benign/benign_15269.png,benign
benign/benign/benign_15336.png,benign
benign/benign/benign_15343.png,benign
benign/benign/benign_15348.png,benign
benign/benign/benign_15361.png,benign
benign/benign/benign_15366.png,benign
benign/benign/benign_15425.png,benign
benign/benign/benign_15426.png,benign
benign/benign/benign_15499.png,benign
benign/benign/benign_15501.png,benign
benign/benign/benign_15519.png,benign
benign/benign/benign_15520.png,benign
benign/benign/benign_15521.png,benign
benign/benign/benign_15522.png,benign
benign/benign/benign_15548.png,benign
benign/benign/benign_15549.png,benign
benign/benign/benign_15550.png,benign
benign/benign/benign_15561.png,benign
benign/benign/benign_15564.png,benign
benign/benign/benign_1559.png,benign
benign/benign/benign_1563.png,benign
benign/benign/benign_1574.png,benign
benign/benign/benign_1584.png,benign
benign/benign/benign_1588.png,benign
benign/benign/benign_1591.png,benign
benign/benign/benign_1594.png,benign
benign/benign/benign_1596.png,benign
benign/benign/benign_15987.png,benign
benign/benign/benign_15989.png,benign
benign/benign/benign_1602.png,benign
benign/benign/benign_16053.png,benign
benign/benign/benign_1606.png,benign
benign/benign/benign_16111.png,benign
benign/benign/benign_16131.png,benign
benign/benign/benign_16144.png,benign
benign/benign/benign_16179.png,benign
benign/benign/benign_16185.png,benign
benign/benign/benign_1622.png,benign
benign/benign/benign_16250.png,benign
benign/benign/benign_16257.png,benign
benign/benign/benign_16280.png,benign
benign/benign/benign_16284.png,benign
benign/benign/benign_16290.png,benign
benign/benign/benign_16297.png,benign
benign/benign/benign_16327.png,benign
benign/benign/benign_1634.png,benign
benign/benign/benign_1637.png,benign
benign/benign/benign_16370.png,benign
malicious/malicious/malicious_316359.png,malicious
malicious/malicious/malicious_316378.png,malicious
malicious/malicious/malicious_316385.png,malicious
malicious/malicious/malicious_316433.png,malicious
malicious/malicious/malicious_316438.png,malicious
malicious/malicious/malicious_316443.png,malicious
malicious/malicious/malicious_316457.png,malicious
malicious/malicious/malicious_316460.png,malicious
malicious/malicious/malicious_316556.png,malicious
malicious/malicious/malicious_316559.png,malicious
malicious/malicious/malicious_316564.png,malicious
malicious/malicious/malicious_316715.png,malicious
malicious/malicious/malicious_316760.png,malicious
malicious/malicious/malicious_316762.png,malicious
malicious/malicious/malicious_316776.png,malicious
malicious/malicious/malicious_316785.png,malicious
malicious/malicious/malicious_316790.png,malicious
malicious/malicious/malicious_316803.png,malicious
malicious/malicious/malicious_316823.png,malicious
malicious/malicious/malicious_316826.png,malicious
malicious/malicious/malicious_316965.png,malicious
malicious/malicious/malicious_316980.png,malicious
malicious/malicious/malicious_316982.png,malicious
malicious/malicious/malicious_316998.png,malicious
malicious/malicious/malicious_317039.png,malicious
malicious/malicious/malicious_317041.png,malicious
malicious/malicious/malicious_317045.png,malicious
malicious/malicious/malicious_317072.png,malicious
malicious/malicious/malicious_317123.png,malicious
malicious/malicious/malicious_317127.png,malicious
malicious/malicious/malicious_317187.png,malicious
malicious/malicious/malicious_317201.png,malicious
malicious/malicious/malicious_317212.png,malicious
malicious/malicious/malicious_317222.png,malicious
malicious/malicious/malicious_317296.png,malicious
malicious/malicious/malicious_317341.png,malicious
malicious/malicious/malicious_317355.png,malicious
malicious/malicious/malicious_317356.png,malicious
malicious/malicious/malicious_317443.png,malicious
malicious/malicious/malicious_317464.png,malicious
malicious/malicious/malicious_317468.png,malicious
malicious/malicious/malicious_317472.png,malicious
malicious/malicious/malicious_317529.png,malicious
malicious/malicious/malicious_317603.png,malicious
malicious/malicious/malicious_317672.png,malicious
malicious/malicious/malicious_317678.png,malicious
malicious/malicious/malicious_317745.png,malicious
malicious/malicious/malicious_317772.png,malicious
malicious/malicious/malicious_317782.png,malicious
malicious/malicious/malicious_317849.png,malicious
malicious/malicious/malicious_317852.png,malicious
malicious/malicious/malicious_317899.png,malicious
malicious/malicious/malicious_317914.png,malicious
malicious/malicious/malicious_317983.png,malicious
malicious/malicious/malicious_318029.png,malicious
malicious/malicious/malicious_318064.png,malicious
malicious/malicious/malicious_318124.png,malicious
malicious/malicious/malicious_318366.png,malicious
malicious/malicious/malicious_318369.png,malicious
malicious/malicious/malicious_318370.png,malicious
malicious/malicious/malicious_318394.png,malicious
malicious/malicious/malicious_318429.png,malicious
malicious/malicious/malicious_318448.png,malicious
malicious/malicious/malicious_318526.png,malicious
malicious/malicious/malicious_318528.png,malicious
malicious/malicious/malicious_318550.png,malicious
malicious/malicious/malicious_318568.png,malicious
malicious/malicious/malicious_318576.png,malicious
malicious/malicious/malicious_318586.png,malicious
malicious/malicious/malicious_318593.png,malicious
malicious/malicious/malicious_318637.png,malicious
malicious/malicious/malicious_318638.png,malicious
malicious/malicious/malicious_318740.png,malicious
malicious/malicious/malicious_318770.png,malicious
malicious/malicious/malicious_318834.png,malicious
malicious/malicious/malicious_318844.png,malicious
malicious/malicious/malicious_318876.png,malicious
malicious/malicious/malicious_318886.png,malicious
malicious/malicious/malicious_318915.png,malicious
malicious/malicious/malicious_318943.png,malicious
malicious/malicious/malicious_318944.png,malicious
malicious/malicious/malicious_318948.png,malicious
malicious/malicious/malicious_318988.png,malicious
malicious/malicious/malicious_319000.png,malicious
malicious/malicious/malicious_319009.png,malicious
malicious/malicious/malicious_319018.png,malicious
malicious/malicious/malicious_319028.png,malicious
malicious/malicious/malicious_319076.png,malicious
malicious/malicious/malicious_319077.png,malicious
malicious/malicious/malicious_319116.png,malicious
malicious/malicious/malicious_319134.png,malicious
malicious/malicious/malicious_319159.png,malicious
malicious/malicious/malicious_319166.png,malicious
malicious/malicious/malicious_319175.png,malicious
malicious/malicious/malicious_319212.png,malicious
malicious/malicious/malicious_319230.png,malicious
malicious/malicious/malicious_319257.png,malicious
malicious/malicious/malicious_319259.png,malicious
malicious/malicious/malicious_319281.png,malicious
malicious/malicious/malicious_319289.png,malicious
malicious/malicious/malicious_319290.png,malicious
malicious/malicious/malicious_319321.png,malicious
malicious/malicious/malicious_319368.png,malicious
malicious/malicious/malicious_319380.png,malicious
malicious/malicious/malicious_319407.png,malicious
malicious/malicious/malicious_319424.png,malicious
malicious/malicious/malicious_319484.png,malicious
malicious/malicious/malicious_319500.png,malicious
malicious/malicious/malicious_319603.png,malicious
malicious/malicious/malicious_319632.png,malicious
malicious/malicious/malicious_319641.png,malicious
malicious/malicious/malicious_319646.png,malicious
malicious/malicious/malicious_319660.png,malicious
malicious/malicious/malicious_319703.png,malicious
malicious/malicious/malicious_319713.png,malicious
malicious/malicious/malicious_319723.png,malicious
malicious/malicious/malicious_319821.png,malicious
malicious/malicious/malicious_319862.png,malicious
malicious/malicious/malicious_319886.png,malicious
malicious/malicious/malicious_319926.png,malicious
malicious/malicious/malicious_319943.png,malicious
malicious/malicious/malicious_319975.png,malicious
malicious/malicious/malicious_319977.png,malicious
malicious/malicious/malicious_319983.png,malicious
malicious/malicious/malicious_319999.png,malicious
malicious/malicious/malicious_320027.png,malicious
malicious/malicious/malicious_320030.png,malicious
malicious/malicious/malicious_320072.png,malicious
malicious/malicious/malicious_320113.png,malicious
malicious/malicious/malicious_320120.png,malicious
malicious/malicious/malicious_320132.png,malicious
malicious/malicious/malicious_320133.png,malicious
malicious/malicious/malicious_320142.png,malicious
malicious/malicious/malicious_320148.png,malicious
malicious/malicious/malicious_320209.png,malicious
malicious/malicious/malicious_320218.png,malicious
malicious/malicious/malicious_320259.png,malicious
malicious/malicious/malicious_320265.png,malicious
malicious/malicious/malicious_320293.png,malicious
malicious/malicious/malicious_320299.png,malicious
malicious/malicious/malicious_320354.png,malicious
malicious/malicious/malicious_320355.png,malicious
malicious/malicious/malicious_320360.png,malicious
malicious/malicious/malicious_320391.png,malicious
malicious/malicious/malicious_320402.png,malicious
malicious/malicious/malicious_320453.png,malicious
malicious/malicious/malicious_320455.png,malicious
malicious/malicious/malicious_320461.png,malicious
malicious/malicious/malicious_320467.png,malicious
malicious/malicious/malicious_320472.png,malicious
malicious/malicious/malicious_320475.png,malicious
malicious/malicious/malicious_320477.png,malicious
malicious/malicious/malicious_320479.png,malicious
malicious/malicious/malicious_320491.png,malicious
malicious/malicious/malicious_320492.png,malicious
malicious/malicious/malicious_320494.png,malicious
malicious/malicious/malicious_320541.png,malicious
malicious/malicious/malicious_320601.png,malicious
malicious/malicious/malicious_320602.png,malicious
malicious/malicious/malicious_320635.png,malicious
malicious/malicious/malicious_320651.png,malicious
malicious/malicious/malicious_320664.png,malicious
malicious/malicious/malicious_320678.png,malicious
malicious/malicious/malicious_320697.png,malicious
malicious/malicious/malicious_320739.png,malicious
malicious/malicious/malicious_320752.png,malicious
malicious/malicious/malicious_320759.png,malicious
malicious/malicious/malicious_320765.png,malicious
malicious/malicious/malicious_320767.png,malicious
malicious/malicious/malicious_320773.png,malicious
malicious/malicious/malicious_320782.png,malicious
malicious/malicious/malicious_320842.png,malicious
malicious/malicious/malicious_320855.png,malicious
malicious/malicious/malicious_320919.png,malicious
malicious/malicious/malicious_320922.png,malicious
malicious/malicious/malicious_321038.png,malicious
malicious/malicious/malicious_321078.png,malicious
malicious/malicious/malicious_321110.png,malicious
malicious/malicious/malicious_321114.png,malicious
malicious/malicious/malicious_321141.png,malicious
malicious/malicious/malicious_321149.png,malicious
malicious/malicious/malicious_321157.png,malicious
malicious/malicious/malicious_321189.png,malicious
malicious/malicious/malicious_321190.png,malicious
malicious/malicious/malicious_321191.png,malicious
malicious/malicious/malicious_321209.png,malicious
malicious/malicious/malicious_321248.png,malicious
malicious/malicious/malicious_321277.png,malicious
malicious/malicious/malicious_321287.png,malicious
malicious/malicious/malicious_321316.png,malicious
malicious/malicious/malicious_321393.png,malicious
malicious/malicious/malicious_321410.png,malicious
malicious/malicious/malicious_321458.png,malicious
malicious/malicious/malicious_321526.png,malicious
malicious/malicious/malicious_321543.png,malicious
malicious/malicious/malicious_321548.png,malicious
malicious/malicious/malicious_321559.png,malicious
malicious/malicious/malicious_321577.png,malicious
malicious/malicious/malicious_321593.png,malicious
malicious/malicious/malicious_321599.png,malicious
malicious/malicious/malicious_321627.png,malicious
malicious/malicious/malicious_321638.png,malicious
malicious/malicious/malicious_321716.png,malicious
malicious/malicious/malicious_321730.png,malicious
malicious/malicious/malicious_321747.png,malicious
malicious/malicious/malicious_321762.png,malicious
malicious/malicious/malicious_321773.png,malicious
malicious/malicious/malicious_321783.png,malicious
malicious/malicious/malicious_321801.png,malicious
malicious/malicious/malicious_321842.png,malicious
malicious/malicious/malicious_321843.png,malicious
malicious/malicious/malicious_321922.png,malicious
malicious/malicious/malicious_321932.png,malicious
malicious/malicious/malicious_321934.png,malicious
malicious/malicious/malicious_321935.png,malicious
malicious/malicious/malicious_321987.png,malicious
malicious/malicious/malicious_321991.png,malicious
malicious/malicious/malicious_322004.png,malicious
malicious/malicious/malicious_322041.png,malicious
malicious/malicious/malicious_322049.png,malicious
malicious/malicious/malicious_322050.png,malicious
malicious/malicious/malicious_322104.png,malicious
malicious/malicious/malicious_322141.png,malicious
malicious/malicious/malicious_322178.png,malicious
malicious/malicious/malicious_322206.png,malicious
malicious/malicious/malicious_322240.png,malicious
malicious/malicious/malicious_322255.png,malicious
malicious/malicious/malicious_322264.png,malicious
malicious/malicious/malicious_322304.png,malicious
malicious/malicious/malicious_322305.png,malicious
malicious/malicious/malicious_322307.png,malicious
malicious/malicious/malicious_322315.png,malicious
malicious/malicious/malicious_322321.png,malicious
malicious/malicious/malicious_322323.png,malicious
malicious/malicious/malicious_322329.png,malicious
malicious/malicious/malicious_322370.png,malicious
malicious/malicious/malicious_322404.png,malicious
malicious/malicious/malicious_322423.png,malicious
malicious/malicious/malicious_322433.png,malicious
malicious/malicious/malicious_322436.png,malicious
malicious/malicious/malicious_322442.png,malicious
malicious/malicious/malicious_322445.png,malicious
malicious/malicious/malicious_322446.png,malicious
malicious/malicious/malicious_322449.png,malicious
malicious/malicious/malicious_322458.png,malicious
malicious/malicious/malicious_322490.png,malicious
malicious/malicious/malicious_322587.png,malicious
malicious/malicious/malicious_322592.png,malicious
malicious/malicious/malicious_322626.png,malicious
malicious/malicious/malicious_322631.png,malicious
malicious/malicious/malicious_322636.png,malicious
malicious/malicious/malicious_322637.png,malicious
malicious/malicious/malicious_322657.png,malicious
malicious/malicious/malicious_322680.png,malicious
malicious/malicious/malicious_322688.png,malicious
malicious/malicious/malicious_322726.png,malicious
malicious/malicious/malicious_322761.png,malicious
malicious/malicious/malicious_322782.png,malicious
malicious/malicious/malicious_322783.png,malicious
malicious/malicious/malicious_322792.png,malicious
malicious/malicious/malicious_322796.png,malicious
malicious/malicious/malicious_322819.png,malicious
malicious/malicious/malicious_322831.png,malicious
malicious/malicious/malicious_322841.png,malicious
malicious/malicious/malicious_322842.png,malicious
malicious/malicious/malicious_322853.png,malicious
malicious/malicious/malicious_322877.png,malicious
malicious/malicious/malicious_322902.png,malicious
malicious/malicious/malicious_322904.png,malicious
malicious/malicious/malicious_322916.png,malicious
malicious/malicious/malicious_323237.png,malicious
malicious/malicious/malicious_323248.png,malicious
malicious/malicious/malicious_323286.png,malicious
malicious/malicious/malicious_323292.png,malicious
malicious/malicious/malicious_323293.png,malicious
malicious/malicious/malicious_323294.png,malicious
malicious/malicious/malicious_323295.png,malicious
malicious/malicious/malicious_323297.png,malicious
malicious/malicious/malicious_323306.png,malicious
malicious/malicious/malicious_323311.png,malicious
malicious/malicious/malicious_323312.png,malicious
malicious/malicious/malicious_323313.png,malicious
malicious/malicious/malicious_323314.png,malicious
malicious/malicious/malicious_323315.png,malicious
malicious/malicious/malicious_323316.png,malicious
malicious/malicious/malicious_323317.png,malicious
malicious/malicious/malicious_323453.png,malicious
malicious/malicious/malicious_323483.png,malicious
malicious/malicious/malicious_323534.png,malicious
malicious/malicious/malicious_323543.png,malicious
malicious/malicious/malicious_323547.png,malicious
malicious/malicious/malicious_323595.png,malicious
malicious/malicious/malicious_323597.png,malicious
malicious/malicious/malicious_323598.png,malicious
malicious/malicious/malicious_323606.png,malicious
malicious/malicious/malicious_323608.png,malicious
malicious/malicious/malicious_323669.png,malicious
malicious/malicious/malicious_323677.png,malicious
malicious/malicious/malicious_323695.png,malicious
malicious/malicious/malicious_323696.png,malicious
malicious/malicious/malicious_323701.png,malicious
malicious/malicious/malicious_323702.png,malicious
malicious/malicious/malicious_323703.png,malicious
malicious/malicious/malicious_323704.png,malicious
malicious/malicious/malicious_323709.png,malicious
malicious/malicious/malicious_323737.png,malicious
malicious/malicious/malicious_323756.png,malicious
malicious/malicious/malicious_323767.png,malicious
malicious/malicious/malicious_323856.png,malicious
malicious/malicious/malicious_323896.png,malicious
malicious/malicious/malicious_323920.png,malicious
malicious/malicious/malicious_323951.png,malicious
malicious/malicious/malicious_323952.png,malicious
malicious/malicious/malicious_323954.png,malicious
malicious/malicious/malicious_323977.png,malicious
malicious/malicious/malicious_323985.png,malicious
malicious/malicious/malicious_323993.png,malicious
malicious/malicious/malicious_323998.png,malicious
malicious/malicious/malicious_324001.png,malicious
malicious/malicious/malicious_324016.png,malicious
malicious/malicious/malicious_324037.png,malicious
malicious/malicious/malicious_324133.png,malicious
malicious/malicious/malicious_324229.png,malicious
malicious/malicious/malicious_324256.png,malicious
malicious/malicious/malicious_324257.png,malicious
malicious/malicious/malicious_324288.png,malicious
malicious/malicious/malicious_324315.png,malicious
malicious/malicious/malicious_324339.png,malicious
malicious/malicious/malicious_324345.png,malicious
malicious/malicious/malicious_324351.png,malicious
malicious/malicious/malicious_324355.png,malicious
malicious/malicious/malicious_324368.png,malicious
malicious/malicious/malicious_324377.png,malicious
malicious/malicious/malicious_324381.png,malicious
malicious/malicious/malicious_324382.png,malicious
malicious/malicious/malicious_324386.png,malicious
malicious/malicious/malicious_324389.png,malicious
malicious/malicious/malicious_324392.png,malicious
malicious/malicious/malicious_324394.png,malicious
malicious/malicious/malicious_324395.png,malicious
malicious/malicious/malicious_324396.png,malicious
malicious/malicious/malicious_324411.png,malicious
malicious/malicious/malicious_324415.png,malicious
malicious/malicious/malicious_324416.png,malicious
malicious/malicious/malicious_324426.png,malicious
malicious/malicious/malicious_324440.png,malicious
malicious/malicious/malicious_324442.png,malicious
malicious/malicious/malicious_324447.png,malicious
malicious/malicious/malicious_324495.png,malicious
malicious/malicious/malicious_324518.png,malicious
malicious/malicious/malicious_324551.png,malicious
malicious/malicious/malicious_324633.png,malicious
malicious/malicious/malicious_324649.png,malicious
malicious/malicious/malicious_324653.png,malicious
malicious/malicious/malicious_324660.png,malicious
malicious/malicious/malicious_324691.png,malicious
malicious/malicious/malicious_324698.png,malicious
malicious/malicious/malicious_324709.png,malicious
malicious/malicious/malicious_324730.png,malicious
malicious/malicious/malicious_324731.png,malicious
malicious/malicious/malicious_324732.png,malicious
malicious/malicious/malicious_324740.png,malicious
malicious/malicious/malicious_324742.png,malicious
malicious/malicious/malicious_324757.png,malicious
malicious/malicious/malicious_324839.png,malicious
malicious/malicious/malicious_324847.png,malicious
malicious/malicious/malicious_324857.png,malicious
malicious/malicious/malicious_324858.png,malicious
malicious/malicious/malicious_324910.png,malicious
malicious/malicious/malicious_324932.png,malicious
malicious/malicious/malicious_324972.png,malicious
malicious/malicious/malicious_325002.png,malicious
malicious/malicious/malicious_325022.png,malicious
malicious/malicious/malicious_325068.png,malicious
malicious/malicious/malicious_325102.png,malicious
malicious/malicious/malicious_325107.png,malicious
malicious/malicious/malicious_325130.png,malicious
malicious/malicious/malicious_325150.png,malicious
malicious/malicious/malicious_325168.png,malicious
malicious/malicious/malicious_325171.png,malicious
malicious/malicious/malicious_325186.png,malicious
malicious/malicious/malicious_325200.png,malicious
malicious/malicious/malicious_325245.png,malicious
malicious/malicious/malicious_325271.png,malicious
malicious/malicious/malicious_325277.png,malicious
malicious/malicious/malicious_325293.png,malicious
malicious/malicious/malicious_325298.png,malicious
malicious/malicious/malicious_325349.png,malicious
malicious/malicious/malicious_325356.png,malicious
malicious/malicious/malicious_325373.png,malicious
malicious/malicious/malicious_325382.png,malicious
malicious/malicious/malicious_325401.png,malicious
malicious/malicious/malicious_325418.png,malicious
malicious/malicious/malicious_325427.png,malicious
malicious/malicious/malicious_325452.png,malicious
malicious/malicious/malicious_325457.png,malicious
malicious/malicious/malicious_325473.png,malicious
malicious/malicious/malicious_325479.png,malicious
malicious/malicious/malicious_325496.png,malicious
malicious/malicious/malicious_325499.png,malicious
malicious/malicious/malicious_325603.png,malicious
malicious/malicious/malicious_325605.png,malicious
malicious/malicious/malicious_325639.png,malicious
malicious/malicious/malicious_325674.png,malicious
malicious/malicious/malicious_325709.png,malicious
malicious/malicious/malicious_325718.png,malicious
malicious/malicious/malicious_325722.png,malicious
malicious/malicious/malicious_325737.png,malicious
malicious/malicious/malicious_325767.png,malicious
malicious/malicious/malicious_325798.png,malicious
malicious/malicious/malicious_325833.png,malicious
malicious/malicious/malicious_325851.png,malicious
malicious/malicious/malicious_325868.png,malicious
malicious/malicious/malicious_325920.png,malicious
malicious/malicious/malicious_325925.png,malicious
malicious/malicious/malicious_325931.png,malicious
malicious/malicious/malicious_325943.png,malicious
malicious/malicious/malicious_325956.png,malicious
malicious/malicious/malicious_325962.png,malicious
malicious/malicious/malicious_325995.png,malicious
malicious/malicious/malicious_325996.png,malicious
malicious/malicious/malicious_326008.png,malicious
malicious/malicious/malicious_326010.png,malicious
malicious/malicious/malicious_326013.png,malicious
malicious/malicious/malicious_326034.png,malicious
malicious/malicious/malicious_326049.png,malicious
malicious/malicious/malicious_326185.png,malicious
malicious/malicious/malicious_326188.png,malicious
malicious/malicious/malicious_326191.png,malicious
malicious/malicious/malicious_326193.png,malicious
malicious/malicious/malicious_326244.png,malicious
malicious/malicious/malicious_326253.png,malicious
benign/benign/benign_10027.png,benign
benign/benign/benign_10103.png,benign
benign/benign/benign_10136.png,benign
benign/benign/benign_1018.png,benign
benign/benign/benign_10189.png,benign
benign/benign/benign_10213.png,benign
benign/benign/benign_10244.png,benign
benign/benign/benign_10295.png,benign
benign/benign/benign_10309.png,benign
benign/benign/benign_10317.png,benign
benign/benign/benign_10328.png,benign
benign/benign/benign_10331.png,benign
benign/benign/benign_10332.png,benign
benign/benign/benign_10338.png,benign
benign/benign/benign_10380.png,benign
benign/benign/benign_10402.png,benign
benign/benign/benign_1041.png,benign
benign/benign/benign_1042.png,benign
benign/benign/benign_1045.png,benign
benign/benign/benign_10455.png,benign
benign/benign/benign_10468.png,benign
benign/benign/benign_10471.png,benign
benign/benign/benign_1048.png,benign
benign/benign/benign_1049.png,benign
benign/benign/benign_1053.png,benign
benign/benign/benign_10575.png,benign
benign/benign/benign_10682.png,benign
benign/benign/benign_10697.png,benign
benign/benign/benign_10699.png,benign
benign/benign/benign_10800.png,benign
benign/benign/benign_10871.png,benign
benign/benign/benign_10874.png,benign
benign/benign/benign_10916.png,benign
benign/benign/benign_10933.png,benign
benign/benign/benign_10949.png,benign
benign/benign/benign_10950.png,benign
benign/benign/benign_10953.png,benign
benign/benign/benign_10989.png,benign
benign/benign/benign_10990.png,benign
benign/benign/benign_10991.png,benign
benign/benign/benign_10992.png,benign
benign/benign/benign_10993.png,benign
benign/benign/benign_10994.png,benign
benign/benign/benign_10995.png,benign
benign/benign/benign_1100.png,benign
benign/benign/benign_1105.png,benign
benign/benign/benign_11058.png,benign
benign/benign/benign_11068.png,benign
benign/benign/benign_11079.png,benign
benign/benign/benign_11090.png,benign
benign/benign/benign_11173.png,benign
benign/benign/benign_11174.png,benign
benign/benign/benign_1120.png,benign
benign/benign/benign_1121.png,benign
benign/benign/benign_11217.png,benign
benign/benign/benign_11239.png,benign
benign/benign/benign_11247.png,benign
benign/benign/benign_11248.png,benign
benign/benign/benign_11275.png,benign
benign/benign/benign_11282.png,benign
benign/benign/benign_11300.png,benign
benign/benign/benign_11301.png,benign
benign/benign/benign_11304.png,benign
benign/benign/benign_11305.png,benign
benign/benign/benign_11308.png,benign
benign/benign/benign_11310.png,benign
benign/benign/benign_11324.png,benign
benign/benign/benign_11327.png,benign
benign/benign/benign_11330.png,benign
benign/benign/benign_11333.png,benign
benign/benign/benign_11351.png,benign
benign/benign/benign_11353.png,benign
benign/benign/benign_11357.png,benign
benign/benign/benign_1137.png,benign
benign/benign/benign_11415.png,benign
benign/benign/benign_11439.png,benign
benign/benign/benign_11519.png,benign
benign/benign/benign_11551.png,benign
benign/benign/benign_11663.png,benign
benign/benign/benign_11680.png,benign
benign/benign/benign_11682.png,benign
benign/benign/benign_11713.png,benign
benign/benign/benign_1172.png,benign
benign/benign/benign_11721.png,benign
benign/benign/benign_11723.png,benign
benign/benign/benign_11725.png,benign
benign/benign/benign_11726.png,benign
benign/benign/benign_11728.png,benign
benign/benign/benign_11733.png,benign
benign/benign/benign_11752.png,benign
benign/benign/benign_11791.png,benign
benign/benign/benign_11796.png,benign
benign/benign/benign_11803.png,benign
benign/benign/benign_11806.png,benign
benign/benign/benign_11812.png,benign
benign/benign/benign_11853.png,benign
benign/benign/benign_11887.png,benign
benign/benign/benign_1192.png,benign
benign/benign/benign_11987.png,benign
benign/benign/benign_11989.png,benign
benign/benign/benign_1199.png,benign
benign/benign/benign_11999.png,benign
benign/benign/benign_12003.png,benign
benign/benign/benign_12008.png,benign
benign/benign/benign_12010.png,benign
benign/benign/benign_12012.png,benign
benign/benign/benign_12013.png,benign
benign/benign/benign_12014.png,benign
benign/benign/benign_12015.png,benign
benign/benign/benign_12024.png,benign
benign/benign/benign_12026.png,benign
benign/benign/benign_1203.png,benign
benign/benign/benign_12041.png,benign
benign/benign/benign_12058.png,benign
benign/benign/benign_12059.png,benign
benign/benign/benign_12086.png,benign
benign/benign/benign_1209.png,benign
benign/benign/benign_12095.png,benign
benign/benign/benign_1211.png,benign
benign/benign/benign_12114.png,benign
benign/benign/benign_12119.png,benign
benign/benign/benign_12120.png,benign
benign/benign/benign_12121.png,benign
benign/benign/benign_12123.png,benign
benign/benign/benign_12124.png,benign
benign/benign/benign_12126.png,benign
benign/benign/benign_12128.png,benign
benign/benign/benign_12129.png,benign
benign/benign/benign_12130.png,benign
benign/benign/benign_12131.png,benign
benign/benign/benign_12133.png,benign
benign/benign/benign_12135.png,benign
benign/benign/benign_12136.png,benign
benign/benign/benign_12137.png,benign
benign/benign/benign_12138.png,benign
benign/benign/benign_12139.png,benign
benign/benign/benign_1214.png,benign
benign/benign/benign_12140.png,benign
benign/benign/benign_12141.png,benign
benign/benign/benign_12142.png,benign
benign/benign/benign_12144.png,benign
benign/benign/benign_12145.png,benign
benign/benign/benign_12146.png,benign
benign/benign/benign_12147.png,benign
benign/benign/benign_12148.png,benign
benign/benign/benign_12150.png,benign
benign/benign/benign_12151.png,benign
benign/benign/benign_12152.png,benign
benign/benign/benign_12153.png,benign
benign/benign/benign_12157.png,benign
benign/benign/benign_12158.png,benign
benign/benign/benign_12159.png,benign
benign/benign/benign_12160.png,benign
benign/benign/benign_12162.png,benign
benign/benign/benign_12163.png,benign
benign/benign/benign_12164.png,benign
benign/benign/benign_12165.png,benign
benign/benign/benign_12166.png,benign
benign/benign/benign_12169.png,benign
benign/benign/benign_12172.png,benign
benign/benign/benign_12174.png,benign
benign/benign/benign_12175.png,benign
benign/benign/benign_12177.png,benign
benign/benign/benign_12178.png,benign
benign/benign/benign_12179.png,benign
benign/benign/benign_12180.png,benign
benign/benign/benign_12181.png,benign
benign/benign/benign_12182.png,benign
benign/benign/benign_12183.png,benign
benign/benign/benign_12184.png,benign
benign/benign/benign_12185.png,benign
benign/benign/benign_12186.png,benign
benign/benign/benign_12187.png,benign
benign/benign/benign_12188.png,benign
benign/benign/benign_12189.png,benign
benign/benign/benign_12190.png,benign
benign/benign/benign_12191.png,benign
benign/benign/benign_12192.png,benign
benign/benign/benign_12193.png,benign
benign/benign/benign_12194.png,benign
benign/benign/benign_12196.png,benign
benign/benign/benign_12197.png,benign
benign/benign/benign_12198.png,benign
benign/benign/benign_12199.png,benign
benign/benign/benign_12200.png,benign
benign/benign/benign_12205.png,benign
benign/benign/benign_12206.png,benign
benign/benign/benign_12207.png,benign
benign/benign/benign_12208.png,benign
benign/benign/benign_12209.png,benign
benign/benign/benign_12212.png,benign
benign/benign/benign_12213.png,benign
benign/benign/benign_12214.png,benign
benign/benign/benign_12215.png,benign
benign/benign/benign_12216.png,benign
benign/benign/benign_12217.png,benign
benign/benign/benign_12218.png,benign
benign/benign/benign_1222.png,benign
benign/benign/benign_12220.png,benign
benign/benign/benign_12221.png,benign
benign/benign/benign_12224.png,benign
benign/benign/benign_12225.png,benign
benign/benign/benign_1224.png,benign
benign/benign/benign_12274.png,benign
benign/benign/benign_12275.png,benign
benign/benign/benign_12276.png,benign
benign/benign/benign_12277.png,benign
benign/benign/benign_12278.png,benign
benign/benign/benign_12279.png,benign
benign/benign/benign_12280.png,benign
benign/benign/benign_1230.png,benign
benign/benign/benign_12331.png,benign
benign/benign/benign_1251.png,benign
benign/benign/benign_12619.png,benign
benign/benign/benign_1263.png,benign
benign/benign/benign_12639.png,benign
benign/benign/benign_12658.png,benign
benign/benign/benign_12682.png,benign
benign/benign/benign_12754.png,benign
benign/benign/benign_12762.png,benign
benign/benign/benign_12763.png,benign
benign/benign/benign_12784.png,benign
benign/benign/benign_12803.png,benign
benign/benign/benign_1285.png,benign
benign/benign/benign_12868.png,benign
benign/benign/benign_12871.png,benign
benign/benign/benign_12872.png,benign
benign/benign/benign_12874.png,benign
benign/benign/benign_12876.png,benign
benign/benign/benign_12878.png,benign
benign/benign/benign_12881.png,benign
benign/benign/benign_12882.png,benign
benign/benign/benign_12883.png,benign
benign/benign/benign_12892.png,benign
benign/benign/benign_12958.png,benign
benign/benign/benign_12961.png,benign
benign/benign/benign_1306.png,benign
benign/benign/benign_1311.png,benign
benign/benign/benign_13130.png,benign
benign/benign/benign_13135.png,benign
benign/benign/benign_13142.png,benign
benign/benign/benign_13143.png,benign
benign/benign/benign_13144.png,benign
benign/benign/benign_13145.png,benign
benign/benign/benign_13146.png,benign
benign/benign/benign_13147.png,benign
benign/benign/benign_13148.png,benign
benign/benign/benign_13176.png,benign
benign/benign/benign_13190.png,benign
benign/benign/benign_13278.png,benign
benign/benign/benign_13292.png,benign
benign/benign/benign_13304.png,benign
benign/benign/benign_13313.png,benign
benign/benign/benign_13314.png,benign
benign/benign/benign_1334.png,benign
benign/benign/benign_1335.png,benign
benign/benign/benign_13359.png,benign
benign/benign/benign_13360.png,benign
benign/benign/benign_13370.png,benign
benign/benign/benign_13402.png,benign
benign/benign/benign_13416.png,benign
benign/benign/benign_13425.png,benign
benign/benign/benign_13427.png,benign
benign/benign/benign_13428.png,benign
benign/benign/benign_13432.png,benign
benign/benign/benign_13440.png,benign
benign/benign/benign_13463.png,benign
benign/benign/benign_13476.png,benign
benign/benign/benign_13480.png,benign
benign/benign/benign_13485.png,benign
benign/benign/benign_13486.png,benign
benign/benign/benign_13512.png,benign
benign/benign/benign_13536.png,benign
benign/benign/benign_13607.png,benign
benign/benign/benign_1373.png,benign
benign/benign/benign_1375.png,benign
benign/benign/benign_13831.png,benign
benign/benign/benign_1393.png,benign
benign/benign/benign_1395.png,benign
benign/benign/benign_1398.png,benign
benign/benign/benign_1399.png,benign
benign/benign/benign_1401.png,benign
benign/benign/benign_1403.png,benign
benign/benign/benign_1412.png,benign
benign/benign/benign_1413.png,benign
benign/benign/benign_1414.png,benign
benign/benign/benign_1418.png,benign
benign/benign/benign_14191.png,benign
benign/benign/benign_1420.png,benign
benign/benign/benign_1422.png,benign
benign/benign/benign_1424.png,benign
benign/benign/benign_1426.png,benign
benign/benign/benign_1428.png,benign
benign/benign/benign_1431.png,benign
benign/benign/benign_14326.png,benign
benign/benign/benign_14337.png,benign
benign/benign/benign_1434.png,benign
benign/benign/benign_1435.png,benign
benign/benign/benign_14353.png,benign
benign/benign/benign_14359.png,benign
benign/benign/benign_1438.png,benign
benign/benign/benign_1442.png,benign
benign/benign/benign_1443.png,benign
benign/benign/benign_14430.png,benign
benign/benign/benign_1446.png,benign
benign/benign/benign_1448.png,benign
benign/benign/benign_1449.png,benign
benign/benign/benign_1450.png,benign
benign/benign/benign_1451.png,benign
benign/benign/benign_1453.png,benign
benign/benign/benign_1464.png,benign
benign/benign/benign_1467.png,benign
benign/benign/benign_14682.png,benign
benign/benign/benign_14684.png,benign
benign/benign/benign_14685.png,benign
benign/benign/benign_14688.png,benign
benign/benign/benign_14690.png,benign
benign/benign/benign_1470.png,benign
benign/benign/benign_1475.png,benign
benign/benign/benign_14772.png,benign
benign/benign/benign_14789.png,benign
benign/benign/benign_14814.png,benign
benign/benign/benign_14815.png,benign
benign/benign/benign_14817.png,benign
benign/benign/benign_14847.png,benign
benign/benign/benign_14897.png,benign
benign/benign/benign_14907.png,benign
benign/benign/benign_14908.png,benign
benign/benign/benign_14917.png,benign
benign/benign/benign_14919.png,benign
benign/benign/benign_14943.png,benign
benign/benign/benign_14976.png,benign
benign/benign/benign_15000.png,benign
benign/benign/benign_15001.png,benign
benign/benign/benign_15003.png,benign
benign/benign/benign_1503.png,benign
benign/benign/benign_1509.png,benign
benign/benign/benign_15181.png,benign
benign/benign/benign_15186.png,benign
benign/benign/benign_1519.png,benign
benign/benign/benign_15191.png,benign
benign/benign/benign_15192.png,benign
benign/benign/benign_15193.png,benign
benign/benign/benign_1523.png,benign
benign/benign/benign_15282.png,benign
benign/benign/benign_15284.png,benign
benign/benign/benign_15285.png,benign
benign/benign/benign_15290.png,benign
benign/benign/benign_15337.png,benign
benign/benign/benign_15352.png,benign
benign/benign/benign_15367.png,benign
benign/benign/benign_15389.png,benign
benign/benign/benign_15397.png,benign
benign/benign/benign_15403.png,benign
benign/benign/benign_15418.png,benign
benign/benign/benign_15428.png,benign
benign/benign/benign_15433.png,benign
benign/benign/benign_15434.png,benign
benign/benign/benign_15442.png,benign
benign/benign/benign_15468.png,benign
benign/benign/benign_15469.png,benign
benign/benign/benign_15547.png,benign
benign/benign/benign_1556.png,benign
benign/benign/benign_1560.png,benign
benign/benign/benign_1566.png,benign
benign/benign/benign_1571.png,benign
benign/benign/benign_1581.png,benign
benign/benign/benign_1582.png,benign
benign/benign/benign_16077.png,benign
benign/benign/benign_16095.png,benign
benign/benign/benign_16110.png,benign
benign/benign/benign_16124.png,benign
benign/benign/benign_16128.png,benign
benign/benign/benign_1615.png,benign
benign/benign/benign_16182.png,benign
benign/benign/benign_16283.png,benign
benign/benign/benign_16291.png,benign
benign/benign/benign_16296.png,benign
benign/benign/benign_16313.png,benign
benign/benign/benign_16324.png,benign
benign/benign/benign_1635.png,benign
benign/benign/benign_16350.png,benign
benign/benign/benign_16356.png,benign
benign/benign/benign_16359.png,benign
benign/benign/benign_16361.png,benign
benign/benign/benign_16402.png,benign
benign/benign/benign_16403.png,benign
benign/benign/benign_1641.png,benign
benign/benign/benign_16410.png,benign
benign/benign/benign_16414.png,benign
benign/benign/benign_16415.png,benign
benign/benign/benign_16437.png,benign
benign/benign/benign_16475.png,benign
benign/benign/benign_16477.png,benign
benign/benign/benign_16498.png,benign
benign/benign/benign_16506.png,benign
benign/benign/benign_16521.png,benign
benign/benign/benign_16525.png,benign
benign/benign/benign_16595.png,benign
benign/benign/benign_16635.png,benign
benign/benign/benign_16643.png,benign
benign/benign/benign_16648.png,benign
benign/benign/benign_16650.png,benign
benign/benign/benign_16659.png,benign
benign/benign/benign_16660.png,benign
benign/benign/benign_16783.png,benign
benign/benign/benign_16785.png,benign
benign/benign/benign_16789.png,benign
benign/benign/benign_16790.png,benign
benign/benign/benign_16806.png,benign
benign/benign/benign_16807.png,benign
benign/benign/benign_16810.png,benign
benign/benign/benign_16812.png,benign
benign/benign/benign_16829.png,benign
benign/benign/benign_16846.png,benign
benign/benign/benign_16898.png,benign
benign/benign/benign_16904.png,benign
benign/benign/benign_16905.png,benign
benign/benign/benign_16914.png,benign
benign/benign/benign_16936.png,benign
benign/benign/benign_16943.png,benign
benign/benign/benign_16953.png,benign
benign/benign/benign_16976.png,benign
benign/benign/benign_16981.png,benign
benign/benign/benign_16995.png,benign
benign/benign/benign_17033.png,benign
benign/benign/benign_17034.png,benign
benign/benign/benign_17040.png,benign
benign/benign/benign_17057.png,benign
benign/benign/benign_17102.png,benign
benign/benign/benign_17135.png,benign
benign/benign/benign_17179.png,benign
benign/benign/benign_17279.png,benign
benign/benign/benign_17280.png,benign
benign/benign/benign_17281.png,benign
benign/benign/benign_17285.png,benign
benign/benign/benign_17286.png,benign
benign/benign/benign_17287.png,benign
benign/benign/benign_17288.png,benign
benign/benign/benign_17289.png,benign
benign/benign/benign_17290.png,benign
benign/benign/benign_17291.png,benign
benign/benign/benign_17292.png,benign
benign/benign/benign_17293.png,benign
benign/benign/benign_17294.png,benign
benign/benign/benign_17295.png,benign
benign/benign/benign_17296.png,benign
benign/benign/benign_17297.png,benign
benign/benign/benign_17306.png,benign
benign/benign/benign_17322.png,benign
benign/benign/benign_17326.png,benign
benign/benign/benign_17327.png,benign
benign/benign/benign_17329.png,benign
benign/benign/benign_17330.png,benign
benign/benign/benign_17332.png,benign
benign/benign/benign_17333.png,benign
benign/benign/benign_17334.png,benign
benign/benign/benign_17337.png,benign
benign/benign/benign_17344.png,benign
benign/benign/benign_17345.png,benign
benign/benign/benign_17347.png,benign
benign/benign/benign_17353.png,benign
benign/benign/benign_17355.png,benign
benign/benign/benign_17357.png,benign
benign/benign/benign_17361.png,benign
benign/benign/benign_17364.png,benign
benign/benign/benign_17369.png,benign
benign/benign/benign_17376.png,benign
benign/benign/benign_17380.png,benign
benign/benign/benign_17381.png,benign
benign/benign/benign_17385.png,benign
benign/benign/benign_17388.png,benign
benign/benign/benign_17390.png,benign
benign/benign/benign_17393.png,benign
benign/benign/benign_17394.png,benign
benign/benign/benign_17427.png,benign
benign/benign/benign_17430.png,benign
benign/benign/benign_17431.png,benign
benign/benign/benign_17456.png,benign
benign/benign/benign_17641.png,benign
benign/benign/benign_17742.png,benign
benign/benign/benign_17745.png,benign
benign/benign/benign_17747.png,benign
malicious/malicious/malicious_316256.png,malicious
malicious/malicious/malicious_316278.png,malicious
malicious/malicious/malicious_316288.png,malicious
malicious/malicious/malicious_316295.png,malicious
malicious/malicious/malicious_316355.png,malicious
malicious/malicious/malicious_316418.png,malicious
malicious/malicious/malicious_316419.png,malicious
malicious/malicious/malicious_316421.png,malicious
malicious/malicious/malicious_316432.png,malicious
malicious/malicious/malicious_316435.png,malicious
malicious/malicious/malicious_316456.png,malicious
malicious/malicious/malicious_316483.png,malicious
malicious/malicious/malicious_316487.png,malicious
malicious/malicious/malicious_316490.png,malicious
malicious/malicious/malicious_316595.png,malicious
malicious/malicious/malicious_316601.png,malicious
malicious/malicious/malicious_316657.png,malicious
malicious/malicious/malicious_316664.png,malicious
malicious/malicious/malicious_316701.png,malicious
malicious/malicious/malicious_316773.png,malicious
malicious/malicious/malicious_316777.png,malicious
malicious/malicious/malicious_316778.png,malicious
malicious/malicious/malicious_316783.png,malicious
malicious/malicious/malicious_316788.png,malicious
malicious/malicious/malicious_316800.png,malicious
malicious/malicious/malicious_316848.png,malicious
malicious/malicious/malicious_316933.png,malicious
malicious/malicious/malicious_316951.png,malicious
malicious/malicious/malicious_316973.png,malicious
malicious/malicious/malicious_317005.png,malicious
malicious/malicious/malicious_317019.png,malicious
malicious/malicious/malicious_317066.png,malicious
malicious/malicious/malicious_317071.png,malicious
malicious/malicious/malicious_317179.png,malicious
malicious/malicious/malicious_317180.png,malicious
malicious/malicious/malicious_317196.png,malicious
malicious/malicious/malicious_317215.png,malicious
malicious/malicious/malicious_317246.png,malicious
malicious/malicious/malicious_317256.png,malicious
malicious/malicious/malicious_317265.png,malicious
malicious/malicious/malicious_317342.png,malicious
malicious/malicious/malicious_317348.png,malicious
malicious/malicious/malicious_317350.png,malicious
malicious/malicious/malicious_317367.png,malicious
malicious/malicious/malicious_317456.png,malicious
malicious/malicious/malicious_317460.png,malicious
malicious/malicious/malicious_317564.png,malicious
malicious/malicious/malicious_317652.png,malicious
malicious/malicious/malicious_317671.png,malicious
malicious/malicious/malicious_317743.png,malicious
malicious/malicious/malicious_317761.png,malicious
malicious/malicious/malicious_317841.png,malicious
malicious/malicious/malicious_317869.png,malicious
malicious/malicious/malicious_317908.png,malicious
malicious/malicious/malicious_317933.png,malicious
malicious/malicious/malicious_318070.png,malicious
malicious/malicious/malicious_318197.png,malicious
malicious/malicious/malicious_318253.png,malicious
malicious/malicious/malicious_318336.png,malicious
malicious/malicious/malicious_318385.png,malicious
malicious/malicious/malicious_318416.png,malicious
malicious/malicious/malicious_318436.png,malicious
malicious/malicious/malicious_318439.png,malicious
malicious/malicious/malicious_318495.png,malicious
malicious/malicious/malicious_318516.png,malicious
malicious/malicious/malicious_318557.png,malicious
malicious/malicious/malicious_318560.png,malicious
malicious/malicious/malicious_318656.png,malicious
malicious/malicious/malicious_318678.png,malicious
malicious/malicious/malicious_318726.png,malicious
malicious/malicious/malicious_318774.png,malicious
malicious/malicious/malicious_318818.png,malicious
malicious/malicious/malicious_318828.png,malicious
malicious/malicious/malicious_318853.png,malicious
malicious/malicious/malicious_318906.png,malicious
malicious/malicious/malicious_318908.png,malicious
malicious/malicious/malicious_318912.png,malicious
malicious/malicious/malicious_318923.png,malicious
malicious/malicious/malicious_318938.png,malicious
malicious/malicious/malicious_318964.png,malicious
malicious/malicious/malicious_318973.png,malicious
malicious/malicious/malicious_318974.png,malicious
malicious/malicious/malicious_318996.png,malicious
malicious/malicious/malicious_319005.png,malicious
malicious/malicious/malicious_319010.png,malicious
malicious/malicious/malicious_319014.png,malicious
malicious/malicious/malicious_319027.png,malicious
malicious/malicious/malicious_319034.png,malicious
malicious/malicious/malicious_319037.png,malicious
malicious/malicious/malicious_319050.png,malicious
malicious/malicious/malicious_319051.png,malicious
malicious/malicious/malicious_319054.png,malicious
malicious/malicious/malicious_319055.png,malicious
malicious/malicious/malicious_319059.png,malicious
malicious/malicious/malicious_319070.png,malicious
malicious/malicious/malicious_319089.png,malicious
malicious/malicious/malicious_319092.png,malicious
malicious/malicious/malicious_319097.png,malicious
malicious/malicious/malicious_319106.png,malicious
malicious/malicious/malicious_319113.png,malicious
malicious/malicious/malicious_319137.png,malicious
malicious/malicious/malicious_319189.png,malicious
malicious/malicious/malicious_319190.png,malicious
malicious/malicious/malicious_319214.png,malicious
malicious/malicious/malicious_319222.png,malicious
malicious/malicious/malicious_319227.png,malicious
malicious/malicious/malicious_319239.png,malicious
malicious/malicious/malicious_319271.png,malicious
malicious/malicious/malicious_319275.png,malicious
malicious/malicious/malicious_319278.png,malicious
malicious/malicious/malicious_319280.png,malicious
malicious/malicious/malicious_319283.png,malicious
malicious/malicious/malicious_319295.png,malicious
malicious/malicious/malicious_319296.png,malicious
malicious/malicious/malicious_319318.png,malicious
malicious/malicious/malicious_319323.png,malicious
malicious/malicious/malicious_319326.png,malicious
malicious/malicious/malicious_319331.png,malicious
malicious/malicious/malicious_319341.png,malicious
malicious/malicious/malicious_319365.png,malicious
malicious/malicious/malicious_319384.png,malicious
malicious/malicious/malicious_319418.png,malicious
malicious/malicious/malicious_319420.png,malicious
malicious/malicious/malicious_319422.png,malicious
malicious/malicious/malicious_319430.png,malicious
malicious/malicious/malicious_319434.png,malicious
malicious/malicious/malicious_319445.png,malicious
malicious/malicious/malicious_319472.png,malicious
malicious/malicious/malicious_319473.png,malicious
malicious/malicious/malicious_319520.png,malicious
malicious/malicious/malicious_319522.png,malicious
malicious/malicious/malicious_319524.png,malicious
malicious/malicious/malicious_319535.png,malicious
malicious/malicious/malicious_319561.png,malicious
malicious/malicious/malicious_319572.png,malicious
malicious/malicious/malicious_319580.png,malicious
malicious/malicious/malicious_319586.png,malicious
malicious/malicious/malicious_319591.png,malicious
malicious/malicious/malicious_319597.png,malicious
malicious/malicious/malicious_319611.png,malicious
malicious/malicious/malicious_319619.png,malicious
malicious/malicious/malicious_319635.png,malicious
malicious/malicious/malicious_319649.png,malicious
malicious/malicious/malicious_319651.png,malicious
malicious/malicious/malicious_319652.png,malicious
malicious/malicious/malicious_319658.png,malicious
malicious/malicious/malicious_319688.png,malicious
malicious/malicious/malicious_319706.png,malicious
malicious/malicious/malicious_319722.png,malicious
malicious/malicious/malicious_319740.png,malicious
malicious/malicious/malicious_319755.png,malicious
malicious/malicious/malicious_319756.png,malicious
malicious/malicious/malicious_319758.png,malicious
malicious/malicious/malicious_319774.png,malicious
malicious/malicious/malicious_319792.png,malicious
malicious/malicious/malicious_319800.png,malicious
malicious/malicious/malicious_319801.png,malicious
malicious/malicious/malicious_319820.png,malicious
malicious/malicious/malicious_319826.png,malicious
malicious/malicious/malicious_319832.png,malicious
malicious/malicious/malicious_319833.png,malicious
malicious/malicious/malicious_319901.png,malicious
malicious/malicious/malicious_319957.png,malicious
malicious/malicious/malicious_319959.png,malicious
malicious/malicious/malicious_319979.png,malicious
malicious/malicious/malicious_319996.png,malicious
malicious/malicious/malicious_319998.png,malicious
malicious/malicious/malicious_320000.png,malicious
malicious/malicious/malicious_320008.png,malicious
malicious/malicious/malicious_320009.png,malicious
malicious/malicious/malicious_320018.png,malicious
malicious/malicious/malicious_320029.png,malicious
malicious/malicious/malicious_320127.png,malicious
malicious/malicious/malicious_320188.png,malicious
malicious/malicious/malicious_320189.png,malicious
malicious/malicious/malicious_320191.png,malicious
malicious/malicious/malicious_320202.png,malicious
malicious/malicious/malicious_320267.png,malicious
malicious/malicious/malicious_320272.png,malicious
malicious/malicious/malicious_320280.png,malicious
malicious/malicious/malicious_320287.png,malicious
malicious/malicious/malicious_320296.png,malicious
malicious/malicious/malicious_320338.png,malicious
malicious/malicious/malicious_320418.png,malicious
malicious/malicious/malicious_320493.png,malicious
malicious/malicious/malicious_320537.png,malicious
malicious/malicious/malicious_320543.png,malicious
malicious/malicious/malicious_320548.png,malicious
malicious/malicious/malicious_320550.png,malicious
malicious/malicious/malicious_320551.png,malicious
malicious/malicious/malicious_320558.png,malicious
malicious/malicious/malicious_320560.png,malicious
malicious/malicious/malicious_320563.png,malicious
malicious/malicious/malicious_320567.png,malicious
malicious/malicious/malicious_320592.png,malicious
malicious/malicious/malicious_320604.png,malicious
malicious/malicious/malicious_320605.png,malicious
malicious/malicious/malicious_320608.png,malicious
malicious/malicious/malicious_320613.png,malicious
malicious/malicious/malicious_320614.png,malicious
malicious/malicious/malicious_320626.png,malicious
malicious/malicious/malicious_320638.png,malicious
malicious/malicious/malicious_320649.png,malicious
malicious/malicious/malicious_320655.png,malicious
malicious/malicious/malicious_320660.png,malicious
malicious/malicious/malicious_320661.png,malicious
malicious/malicious/malicious_320670.png,malicious
malicious/malicious/malicious_320676.png,malicious
malicious/malicious/malicious_320686.png,malicious
malicious/malicious/malicious_320688.png,malicious
malicious/malicious/malicious_320704.png,malicious
malicious/malicious/malicious_320732.png,malicious
malicious/malicious/malicious_320753.png,malicious
malicious/malicious/malicious_320756.png,malicious
malicious/malicious/malicious_320766.png,malicious
malicious/malicious/malicious_320803.png,malicious
malicious/malicious/malicious_320891.png,malicious
malicious/malicious/malicious_320892.png,malicious
malicious/malicious/malicious_320901.png,malicious
malicious/malicious/malicious_320915.png,malicious
malicious/malicious/malicious_320925.png,malicious
malicious/malicious/malicious_320929.png,malicious
malicious/malicious/malicious_320972.png,malicious
malicious/malicious/malicious_320983.png,malicious
malicious/malicious/malicious_320986.png,malicious
malicious/malicious/malicious_321064.png,malicious
malicious/malicious/malicious_321066.png,malicious
malicious/malicious/malicious_321077.png,malicious
malicious/malicious/malicious_321108.png,malicious
malicious/malicious/malicious_321115.png,malicious
malicious/malicious/malicious_321117.png,malicious
malicious/malicious/malicious_321120.png,malicious
malicious/malicious/malicious_321134.png,malicious
malicious/malicious/malicious_321153.png,malicious
malicious/malicious/malicious_321154.png,malicious
malicious/malicious/malicious_321213.png,malicious
malicious/malicious/malicious_321223.png,malicious
malicious/malicious/malicious_321238.png,malicious
malicious/malicious/malicious_321250.png,malicious
malicious/malicious/malicious_321276.png,malicious
malicious/malicious/malicious_321278.png,malicious
malicious/malicious/malicious_321329.png,malicious
malicious/malicious/malicious_321330.png,malicious
malicious/malicious/malicious_321345.png,malicious
malicious/malicious/malicious_321445.png,malicious
malicious/malicious/malicious_321446.png,malicious
malicious/malicious/malicious_321449.png,malicious
malicious/malicious/malicious_321453.png,malicious
malicious/malicious/malicious_321462.png,malicious
malicious/malicious/malicious_321468.png,malicious
malicious/malicious/malicious_321480.png,malicious
malicious/malicious/malicious_321488.png,malicious
malicious/malicious/malicious_321495.png,malicious
malicious/malicious/malicious_321503.png,malicious
malicious/malicious/malicious_321508.png,malicious
malicious/malicious/malicious_321512.png,malicious
malicious/malicious/malicious_321522.png,malicious
malicious/malicious/malicious_321560.png,malicious
malicious/malicious/malicious_321585.png,malicious
malicious/malicious/malicious_321620.png,malicious
malicious/malicious/malicious_321684.png,malicious
malicious/malicious/malicious_321718.png,malicious
malicious/malicious/malicious_321727.png,malicious
malicious/malicious/malicious_321738.png,malicious
malicious/malicious/malicious_321744.png,malicious
malicious/malicious/malicious_321763.png,malicious
malicious/malicious/malicious_321782.png,malicious
malicious/malicious/malicious_321808.png,malicious
malicious/malicious/malicious_321812.png,malicious
malicious/malicious/malicious_321833.png,malicious
malicious/malicious/malicious_321850.png,malicious
malicious/malicious/malicious_321875.png,malicious
malicious/malicious/malicious_321877.png,malicious
malicious/malicious/malicious_321884.png,malicious
malicious/malicious/malicious_321893.png,malicious
malicious/malicious/malicious_321902.png,malicious
malicious/malicious/malicious_321925.png,malicious
malicious/malicious/malicious_321960.png,malicious
malicious/malicious/malicious_321989.png,malicious
malicious/malicious/malicious_321999.png,malicious
malicious/malicious/malicious_322015.png,malicious
malicious/malicious/malicious_322047.png,malicious
malicious/malicious/malicious_322125.png,malicious
malicious/malicious/malicious_322142.png,malicious
malicious/malicious/malicious_322166.png,malicious
malicious/malicious/malicious_322243.png,malicious
malicious/malicious/malicious_322246.png,malicious
malicious/malicious/malicious_322281.png,malicious
malicious/malicious/malicious_322285.png,malicious
malicious/malicious/malicious_322343.png,malicious
malicious/malicious/malicious_322390.png,malicious
malicious/malicious/malicious_322403.png,malicious
malicious/malicious/malicious_322422.png,malicious
malicious/malicious/malicious_322438.png,malicious
malicious/malicious/malicious_322443.png,malicious
malicious/malicious/malicious_322526.png,malicious
malicious/malicious/malicious_322528.png,malicious
malicious/malicious/malicious_322550.png,malicious
malicious/malicious/malicious_322586.png,malicious
malicious/malicious/malicious_322591.png,malicious
malicious/malicious/malicious_322614.png,malicious
malicious/malicious/malicious_322622.png,malicious
malicious/malicious/malicious_322624.png,malicious
malicious/malicious/malicious_322629.png,malicious
malicious/malicious/malicious_322644.png,malicious
malicious/malicious/malicious_322645.png,malicious
malicious/malicious/malicious_322648.png,malicious
malicious/malicious/malicious_322675.png,malicious
malicious/malicious/malicious_322681.png,malicious
malicious/malicious/malicious_322695.png,malicious
malicious/malicious/malicious_322707.png,malicious
malicious/malicious/malicious_322741.png,malicious
malicious/malicious/malicious_322747.png,malicious
malicious/malicious/malicious_322754.png,malicious
malicious/malicious/malicious_322774.png,malicious
malicious/malicious/malicious_322784.png,malicious
malicious/malicious/malicious_322797.png,malicious
malicious/malicious/malicious_322798.png,malicious
malicious/malicious/malicious_322799.png,malicious
malicious/malicious/malicious_322801.png,malicious
malicious/malicious/malicious_322804.png,malicious
malicious/malicious/malicious_322824.png,malicious
malicious/malicious/malicious_322837.png,malicious
malicious/malicious/malicious_322858.png,malicious
malicious/malicious/malicious_322878.png,malicious
malicious/malicious/malicious_322879.png,malicious
malicious/malicious/malicious_322886.png,malicious
malicious/malicious/malicious_322964.png,malicious
malicious/malicious/malicious_322989.png,malicious
malicious/malicious/malicious_322999.png,malicious
malicious/malicious/malicious_323014.png,malicious
malicious/malicious/malicious_323030.png,malicious
malicious/malicious/malicious_323034.png,malicious
malicious/malicious/malicious_323170.png,malicious
malicious/malicious/malicious_323287.png,malicious
malicious/malicious/malicious_323290.png,malicious
malicious/malicious/malicious_323301.png,malicious
malicious/malicious/malicious_323442.png,malicious
malicious/malicious/malicious_323448.png,malicious
malicious/malicious/malicious_323466.png,malicious
malicious/malicious/malicious_323477.png,malicious
malicious/malicious/malicious_323505.png,malicious
malicious/malicious/malicious_323508.png,malicious
malicious/malicious/malicious_323514.png,malicious
malicious/malicious/malicious_323613.png,malicious
malicious/malicious/malicious_323721.png,malicious
malicious/malicious/malicious_323723.png,malicious
malicious/malicious/malicious_323739.png,malicious
malicious/malicious/malicious_323751.png,malicious
malicious/malicious/malicious_323764.png,malicious
malicious/malicious/malicious_323772.png,malicious
malicious/malicious/malicious_323791.png,malicious
malicious/malicious/malicious_323793.png,malicious
malicious/malicious/malicious_323803.png,malicious
malicious/malicious/malicious_323806.png,malicious
malicious/malicious/malicious_323808.png,malicious
malicious/malicious/malicious_323846.png,malicious
malicious/malicious/malicious_323848.png,malicious
malicious/malicious/malicious_323880.png,malicious
malicious/malicious/malicious_323903.png,malicious
malicious/malicious/malicious_323913.png,malicious
malicious/malicious/malicious_323914.png,malicious
malicious/malicious/malicious_323916.png,malicious
malicious/malicious/malicious_323925.png,malicious
malicious/malicious/malicious_323937.png,malicious
malicious/malicious/malicious_323961.png,malicious
malicious/malicious/malicious_323962.png,malicious
malicious/malicious/malicious_323978.png,malicious
malicious/malicious/malicious_323980.png,malicious
malicious/malicious/malicious_323997.png,malicious
malicious/malicious/malicious_324226.png,malicious
malicious/malicious/malicious_324311.png,malicious
malicious/malicious/malicious_324327.png,malicious
malicious/malicious/malicious_324330.png,malicious
malicious/malicious/malicious_324334.png,malicious
malicious/malicious/malicious_324337.png,malicious
malicious/malicious/malicious_324344.png,malicious
malicious/malicious/malicious_324347.png,malicious
malicious/malicious/malicious_324348.png,malicious
malicious/malicious/malicious_324350.png,malicious
malicious/malicious/malicious_324354.png,malicious
malicious/malicious/malicious_324360.png,malicious
malicious/malicious/malicious_324361.png,malicious
malicious/malicious/malicious_324362.png,malicious
malicious/malicious/malicious_324363.png,malicious
malicious/malicious/malicious_324366.png,malicious
malicious/malicious/malicious_324369.png,malicious
malicious/malicious/malicious_324374.png,malicious
malicious/malicious/malicious_324376.png,malicious
malicious/malicious/malicious_324379.png,malicious
malicious/malicious/malicious_324384.png,malicious
malicious/malicious/malicious_324385.png,malicious
malicious/malicious/malicious_324388.png,malicious
malicious/malicious/malicious_324390.png,malicious
malicious/malicious/malicious_324399.png,malicious
malicious/malicious/malicious_324400.png,malicious
malicious/malicious/malicious_324401.png,malicious
malicious/malicious/malicious_324414.png,malicious
malicious/malicious/malicious_324466.png,malicious
malicious/malicious/malicious_324535.png,malicious
malicious/malicious/malicious_324539.png,malicious
malicious/malicious/malicious_324547.png,malicious
malicious/malicious/malicious_324655.png,malicious
malicious/malicious/malicious_324671.png,malicious
malicious/malicious/malicious_324686.png,malicious
malicious/malicious/malicious_324701.png,malicious
malicious/malicious/malicious_324703.png,malicious
malicious/malicious/malicious_324708.png,malicious
malicious/malicious/malicious_324751.png,malicious
malicious/malicious/malicious_324760.png,malicious
malicious/malicious/malicious_324766.png,malicious
malicious/malicious/malicious_324771.png,malicious
malicious/malicious/malicious_324798.png,malicious
malicious/malicious/malicious_324810.png,malicious
malicious/malicious/malicious_324851.png,malicious
malicious/malicious/malicious_324866.png,malicious
malicious/malicious/malicious_324874.png,malicious
malicious/malicious/malicious_324877.png,malicious
malicious/malicious/malicious_324890.png,malicious
malicious/malicious/malicious_324962.png,malicious
malicious/malicious/malicious_324971.png,malicious
malicious/malicious/malicious_324982.png,malicious
malicious/malicious/malicious_324995.png,malicious
malicious/malicious/malicious_325010.png,malicious
malicious/malicious/malicious_325033.png,malicious
malicious/malicious/malicious_325035.png,malicious
malicious/malicious/malicious_325078.png,malicious
malicious/malicious/malicious_325081.png,malicious
malicious/malicious/malicious_325110.png,malicious
malicious/malicious/malicious_325115.png,malicious
malicious/malicious/malicious_325129.png,malicious
malicious/malicious/malicious_325176.png,malicious
malicious/malicious/malicious_325194.png,malicious
malicious/malicious/malicious_325207.png,malicious
malicious/malicious/malicious_325253.png,malicious
malicious/malicious/malicious_325297.png,malicious
malicious/malicious/malicious_325304.png,malicious
malicious/malicious/malicious_325344.png,malicious
malicious/malicious/malicious_325345.png,malicious
malicious/malicious/malicious_325353.png,malicious
malicious/malicious/malicious_325422.png,malicious
malicious/malicious/malicious_325493.png,malicious
malicious/malicious/malicious_325505.png,malicious
malicious/malicious/malicious_325587.png,malicious
malicious/malicious/malicious_325593.png,malicious
malicious/malicious/malicious_325598.png,malicious
malicious/malicious/malicious_325609.png,malicious
malicious/malicious/malicious_325611.png,malicious
malicious/malicious/malicious_325612.png,malicious
malicious/malicious/malicious_325613.png,malicious
malicious/malicious/malicious_325614.png,malicious
malicious/malicious/malicious_325665.png,malicious
malicious/malicious/malicious_325676.png,malicious
malicious/malicious/malicious_325687.png,malicious
malicious/malicious/malicious_325691.png,malicious
malicious/malicious/malicious_325692.png,malicious
malicious/malicious/malicious_325724.png,malicious
malicious/malicious/malicious_325756.png,malicious
malicious/malicious/malicious_325804.png,malicious
malicious/malicious/malicious_325815.png,malicious
malicious/malicious/malicious_325818.png,malicious
malicious/malicious/malicious_325849.png,malicious
malicious/malicious/malicious_325863.png,malicious
malicious/malicious/malicious_325865.png,malicious
malicious/malicious/malicious_325898.png,malicious
malicious/malicious/malicious_325901.png,malicious
malicious/malicious/malicious_325906.png,malicious
malicious/malicious/malicious_325949.png,malicious
malicious/malicious/malicious_325961.png,malicious
malicious/malicious/malicious_325967.png,malicious
malicious/malicious/malicious_325986.png,malicious
malicious/malicious/malicious_325998.png,malicious
malicious/malicious/malicious_326005.png,malicious
malicious/malicious/malicious_326009.png,malicious
malicious/malicious/malicious_326015.png,malicious
malicious/malicious/malicious_326038.png,malicious
malicious/malicious/malicious_326091.png,malicious
malicious/malicious/malicious_326133.png,malicious
malicious/malicious/malicious_326147.png,malicious
malicious/malicious/malicious_326155.png,malicious
malicious/malicious/malicious_326161.png,malicious
malicious/malicious/malicious_326176.png,malicious
malicious/malicious/malicious_326224.png,malicious
benign/benign/benign_10314.png,benign
benign/benign/benign_10748.png,benign
benign/benign/benign_10756.png,benign
benign/benign/benign_1084.png,benign
benign/benign/benign_1086.png,benign
benign/benign/benign_10888.png,benign
benign/benign/benign_1090.png,benign
benign/benign/benign_1097.png,benign
benign/benign/benign_10997.png,benign
benign/benign/benign_1115.png,benign
benign/benign/benign_11164.png,benign
benign/benign/benign_1122.png,benign
benign/benign/benign_11225.png,benign
benign/benign/benign_11298.png,benign
benign/benign/benign_11299.png,benign
benign/benign/benign_11302.png,benign
benign/benign/benign_11306.png,benign
benign/benign/benign_11307.png,benign
benign/benign/benign_11309.png,benign
benign/benign/benign_11311.png,benign
benign/benign/benign_11312.png,benign
benign/benign/benign_11313.png,benign
benign/benign/benign_11314.png,benign
benign/benign/benign_11315.png,benign
benign/benign/benign_11317.png,benign
benign/benign/benign_11318.png,benign
benign/benign/benign_11319.png,benign
benign/benign/benign_11320.png,benign
benign/benign/benign_11321.png,benign
benign/benign/benign_11322.png,benign
benign/benign/benign_11326.png,benign
benign/benign/benign_11328.png,benign
benign/benign/benign_11329.png,benign
benign/benign/benign_11331.png,benign
benign/benign/benign_11334.png,benign
benign/benign/benign_11336.png,benign
benign/benign/benign_11337.png,benign
benign/benign/benign_11338.png,benign
benign/benign/benign_11339.png,benign
benign/benign/benign_11345.png,benign
benign/benign/benign_11347.png,benign
benign/benign/benign_11348.png,benign
benign/benign/benign_11350.png,benign
benign/benign/benign_11352.png,benign
benign/benign/benign_11455.png,benign
benign/benign/benign_1174.png,benign
benign/benign/benign_11770.png,benign
benign/benign/benign_11789.png,benign
benign/benign/benign_11804.png,benign
benign/benign/benign_11847.png,benign
benign/benign/benign_11849.png,benign
benign/benign/benign_1194.png,benign
benign/benign/benign_11988.png,benign
benign/benign/benign_11995.png,benign
benign/benign/benign_12027.png,benign
benign/benign/benign_12047.png,benign
benign/benign/benign_12083.png,benign
benign/benign/benign_1210.png,benign
benign/benign/benign_1228.png,benign
benign/benign/benign_1229.png,benign
benign/benign/benign_1259.png,benign
benign/benign/benign_12623.png,benign
benign/benign/benign_12645.png,benign
benign/benign/benign_12661.png,benign
benign/benign/benign_12663.png,benign
benign/benign/benign_13165.png,benign
benign/benign/benign_13166.png,benign
benign/benign/benign_13167.png,benign
benign/benign/benign_13177.png,benign
benign/benign/benign_13189.png,benign
benign/benign/benign_13192.png,benign
benign/benign/benign_13205.png,benign
benign/benign/benign_13212.png,benign
benign/benign/benign_13309.png,benign
benign/benign/benign_13316.png,benign
benign/benign/benign_13326.png,benign
benign/benign/benign_13337.png,benign
benign/benign/benign_13356.png,benign
benign/benign/benign_13373.png,benign
benign/benign/benign_13405.png,benign
benign/benign/benign_13407.png,benign
benign/benign/benign_13410.png,benign
benign/benign/benign_13438.png,benign
benign/benign/benign_13454.png,benign
benign/benign/benign_13483.png,benign
benign/benign/benign_1350.png,benign
benign/benign/benign_13501.png,benign
benign/benign/benign_1365.png,benign
benign/benign/benign_13685.png,benign
benign/benign/benign_13740.png,benign
benign/benign/benign_1397.png,benign
benign/benign/benign_1400.png,benign
benign/benign/benign_14000.png,benign
benign/benign/benign_14001.png,benign
benign/benign/benign_14004.png,benign
benign/benign/benign_1402.png,benign
benign/benign/benign_1404.png,benign
benign/benign/benign_14042.png,benign
benign/benign/benign_1405.png,benign
benign/benign/benign_14063.png,benign
benign/benign/benign_1409.png,benign
benign/benign/benign_14099.png,benign
benign/benign/benign_1411.png,benign
benign/benign/benign_14140.png,benign
benign/benign/benign_1416.png,benign
benign/benign/benign_1417.png,benign
benign/benign/benign_14196.png,benign
benign/benign/benign_1423.png,benign
benign/benign/benign_1430.png,benign
benign/benign/benign_1432.png,benign
benign/benign/benign_14321.png,benign
benign/benign/benign_14322.png,benign
benign/benign/benign_1433.png,benign
benign/benign/benign_14341.png,benign
benign/benign/benign_14347.png,benign
benign/benign/benign_14348.png,benign
benign/benign/benign_1437.png,benign
benign/benign/benign_14383.png,benign
benign/benign/benign_14384.png,benign
benign/benign/benign_1439.png,benign
benign/benign/benign_14390.png,benign
benign/benign/benign_1440.png,benign
benign/benign/benign_14421.png,benign
benign/benign/benign_14428.png,benign
benign/benign/benign_14433.png,benign
benign/benign/benign_14437.png,benign
benign/benign/benign_1445.png,benign
benign/benign/benign_1452.png,benign
benign/benign/benign_14553.png,benign
benign/benign/benign_14673.png,benign
benign/benign/benign_14679.png,benign
benign/benign/benign_14785.png,benign
benign/benign/benign_14846.png,benign
benign/benign/benign_14854.png,benign
benign/benign/benign_14859.png,benign
benign/benign/benign_14863.png,benign
benign/benign/benign_14872.png,benign
benign/benign/benign_14877.png,benign
benign/benign/benign_14899.png,benign
benign/benign/benign_14911.png,benign
benign/benign/benign_14912.png,benign
benign/benign/benign_14916.png,benign
benign/benign/benign_14934.png,benign
benign/benign/benign_14985.png,benign
benign/benign/benign_14987.png,benign
benign/benign/benign_14990.png,benign
benign/benign/benign_14991.png,benign
benign/benign/benign_14993.png,benign
benign/benign/benign_14997.png,benign
benign/benign/benign_15196.png,benign
benign/benign/benign_15206.png,benign
benign/benign/benign_15232.png,benign
benign/benign/benign_15275.png,benign
benign/benign/benign_15276.png,benign
benign/benign/benign_15286.png,benign
benign/benign/benign_15333.png,benign
benign/benign/benign_15338.png,benign
benign/benign/benign_15353.png,benign
benign/benign/benign_15357.png,benign
benign/benign/benign_15390.png,benign
benign/benign/benign_15391.png,benign
benign/benign/benign_15392.png,benign
benign/benign/benign_15408.png,benign
benign/benign/benign_15412.png,benign
benign/benign/benign_15470.png,benign
benign/benign/benign_15471.png,benign
benign/benign/benign_15472.png,benign
benign/benign/benign_15473.png,benign
benign/benign/benign_15477.png,benign
benign/benign/benign_15479.png,benign
benign/benign/benign_15480.png,benign
benign/benign/benign_15482.png,benign
benign/benign/benign_15483.png,benign
benign/benign/benign_15484.png,benign
benign/benign/benign_15485.png,benign
benign/benign/benign_15488.png,benign
benign/benign/benign_15528.png,benign
benign/benign/benign_16059.png,benign
benign/benign/benign_16132.png,benign
benign/benign/benign_16133.png,benign
benign/benign/benign_16173.png,benign
benign/benign/benign_16178.png,benign
benign/benign/benign_16183.png,benign
benign/benign/benign_16187.png,benign
benign/benign/benign_16259.png,benign
benign/benign/benign_16262.png,benign
benign/benign/benign_16289.png,benign
benign/benign/benign_16360.png,benign
benign/benign/benign_16363.png,benign
benign/benign/benign_16373.png,benign
benign/benign/benign_16385.png,benign
benign/benign/benign_16395.png,benign
benign/benign/benign_16409.png,benign
benign/benign/benign_16489.png,benign
benign/benign/benign_16501.png,benign
benign/benign/benign_16566.png,benign
benign/benign/benign_16587.png,benign
benign/benign/benign_16590.png,benign
benign/benign/benign_16592.png,benign
benign/benign/benign_16593.png,benign
benign/benign/benign_16602.png,benign
benign/benign/benign_16606.png,benign
benign/benign/benign_16609.png,benign
benign/benign/benign_16624.png,benign
benign/benign/benign_16631.png,benign
benign/benign/benign_16656.png,benign
benign/benign/benign_16663.png,benign
benign/benign/benign_16674.png,benign
benign/benign/benign_16690.png,benign
benign/benign/benign_16808.png,benign
benign/benign/benign_16809.png,benign
benign/benign/benign_16899.png,benign
benign/benign/benign_16907.png,benign
benign/benign/benign_16918.png,benign
benign/benign/benign_16940.png,benign
benign/benign/benign_16948.png,benign
benign/benign/benign_16950.png,benign
benign/benign/benign_17010.png,benign
benign/benign/benign_17012.png,benign
benign/benign/benign_17103.png,benign
benign/benign/benign_17136.png,benign
benign/benign/benign_17300.png,benign
benign/benign/benign_17301.png,benign
benign/benign/benign_17309.png,benign
benign/benign/benign_17313.png,benign
benign/benign/benign_17314.png,benign
benign/benign/benign_17317.png,benign
benign/benign/benign_17320.png,benign
benign/benign/benign_17321.png,benign
benign/benign/benign_17323.png,benign
benign/benign/benign_17325.png,benign
benign/benign/benign_17328.png,benign
benign/benign/benign_17331.png,benign
benign/benign/benign_17335.png,benign
benign/benign/benign_17338.png,benign
benign/benign/benign_17339.png,benign
benign/benign/benign_17340.png,benign
benign/benign/benign_17346.png,benign
benign/benign/benign_17350.png,benign
benign/benign/benign_17351.png,benign
benign/benign/benign_17354.png,benign
benign/benign/benign_17356.png,benign
benign/benign/benign_17358.png,benign
benign/benign/benign_17359.png,benign
benign/benign/benign_17360.png,benign
benign/benign/benign_17362.png,benign
benign/benign/benign_17366.png,benign
benign/benign/benign_17367.png,benign
benign/benign/benign_17368.png,benign
benign/benign/benign_17372.png,benign
benign/benign/benign_17374.png,benign
benign/benign/benign_17377.png,benign
benign/benign/benign_17379.png,benign
benign/benign/benign_17384.png,benign
benign/benign/benign_17386.png,benign
benign/benign/benign_17387.png,benign
benign/benign/benign_17396.png,benign
benign/benign/benign_17397.png,benign
benign/benign/benign_17423.png,benign
benign/benign/benign_17425.png,benign
benign/benign/benign_17426.png,benign
benign/benign/benign_17634.png,benign
benign/benign/benign_17687.png,benign
benign/benign/benign_17690.png,benign
benign/benign/benign_17705.png,benign
benign/benign/benign_17764.png,benign
benign/benign/benign_17795.png,benign
benign/benign/benign_17834.png,benign
benign/benign/benign_17866.png,benign
benign/benign/benign_17885.png,benign
benign/benign/benign_17890.png,benign
benign/benign/benign_17894.png,benign
benign/benign/benign_17899.png,benign
benign/benign/benign_17962.png,benign
benign/benign/benign_17979.png,benign
benign/benign/benign_17982.png,benign
benign/benign/benign_17984.png,benign
benign/benign/benign_17998.png,benign
benign/benign/benign_17999.png,benign
benign/benign/benign_18019.png,benign
benign/benign/benign_18030.png,benign
benign/benign/benign_18031.png,benign
benign/benign/benign_18032.png,benign
benign/benign/benign_18034.png,benign
benign/benign/benign_18049.png,benign
benign/benign/benign_18060.png,benign
benign/benign/benign_18071.png,benign
benign/benign/benign_18131.png,benign
benign/benign/benign_18136.png,benign
benign/benign/benign_18138.png,benign
benign/benign/benign_18152.png,benign
benign/benign/benign_18154.png,benign
benign/benign/benign_18190.png,benign
benign/benign/benign_18234.png,benign
benign/benign/benign_18293.png,benign
benign/benign/benign_18359.png,benign
benign/benign/benign_18365.png,benign
benign/benign/benign_18379.png,benign
benign/benign/benign_18427.png,benign
benign/benign/benign_18430.png,benign
benign/benign/benign_18481.png,benign
benign/benign/benign_18495.png,benign
benign/benign/benign_18503.png,benign
benign/benign/benign_18548.png,benign
benign/benign/benign_18590.png,benign
benign/benign/benign_18668.png,benign
benign/benign/benign_18760.png,benign
benign/benign/benign_18860.png,benign
benign/benign/benign_18862.png,benign
benign/benign/benign_18973.png,benign
benign/benign/benign_18984.png,benign
malicious/malicious/malicious_316270.png,malicious
malicious/malicious/malicious_316340.png,malicious
malicious/malicious/malicious_316397.png,malicious
malicious/malicious/malicious_316403.png,malicious
malicious/malicious/malicious_316411.png,malicious
malicious/malicious/malicious_316428.png,malicious
malicious/malicious/malicious_316583.png,malicious
malicious/malicious/malicious_316605.png,malicious
malicious/malicious/malicious_316615.png,malicious
malicious/malicious/malicious_316649.png,malicious
malicious/malicious/malicious_316713.png,malicious
malicious/malicious/malicious_316750.png,malicious
malicious/malicious/malicious_316775.png,malicious
malicious/malicious/malicious_316781.png,malicious
malicious/malicious/malicious_316784.png,malicious
malicious/malicious/malicious_316787.png,malicious
malicious/malicious/malicious_316789.png,malicious
malicious/malicious/malicious_316794.png,malicious
malicious/malicious/malicious_316797.png,malicious
malicious/malicious/malicious_316811.png,malicious
malicious/malicious/malicious_316814.png,malicious
malicious/malicious/malicious_316859.png,malicious
malicious/malicious/malicious_316929.png,malicious
malicious/malicious/malicious_316949.png,malicious
malicious/malicious/malicious_316964.png,malicious
malicious/malicious/malicious_317004.png,malicious
malicious/malicious/malicious_317128.png,malicious
malicious/malicious/malicious_317163.png,malicious
malicious/malicious/malicious_317164.png,malicious
malicious/malicious/malicious_317167.png,malicious
malicious/malicious/malicious_317168.png,malicious
malicious/malicious/malicious_317169.png,malicious
malicious/malicious/malicious_317198.png,malicious
malicious/malicious/malicious_317244.png,malicious
malicious/malicious/malicious_317289.png,malicious
malicious/malicious/malicious_317347.png,malicious
malicious/malicious/malicious_317502.png,malicious
malicious/malicious/malicious_317631.png,malicious
malicious/malicious/malicious_317699.png,malicious
malicious/malicious/malicious_317705.png,malicious
malicious/malicious/malicious_317708.png,malicious
malicious/malicious/malicious_317742.png,malicious
malicious/malicious/malicious_317758.png,malicious
malicious/malicious/malicious_317788.png,malicious
malicious/malicious/malicious_317804.png,malicious
malicious/malicious/malicious_317822.png,malicious
malicious/malicious/malicious_317830.png,malicious
malicious/malicious/malicious_317909.png,malicious
malicious/malicious/malicious_318059.png,malicious
malicious/malicious/malicious_318123.png,malicious
malicious/malicious/malicious_318166.png,malicious
malicious/malicious/malicious_318315.png,malicious
malicious/malicious/malicious_318347.png,malicious
malicious/malicious/malicious_318391.png,malicious
malicious/malicious/malicious_318486.png,malicious
malicious/malicious/malicious_318488.png,malicious
malicious/malicious/malicious_318491.png,malicious
malicious/malicious/malicious_318496.png,malicious
malicious/malicious/malicious_318527.png,malicious
malicious/malicious/malicious_318589.png,malicious
malicious/malicious/malicious_318619.png,malicious
malicious/malicious/malicious_318668.png,malicious
malicious/malicious/malicious_318673.png,malicious
malicious/malicious/malicious_318714.png,malicious
malicious/malicious/malicious_318722.png,malicious
malicious/malicious/malicious_318727.png,malicious
malicious/malicious/malicious_318759.png,malicious
malicious/malicious/malicious_318773.png,malicious
malicious/malicious/malicious_318793.png,malicious
malicious/malicious/malicious_318820.png,malicious
malicious/malicious/malicious_318851.png,malicious
malicious/malicious/malicious_318873.png,malicious
malicious/malicious/malicious_318881.png,malicious
malicious/malicious/malicious_318898.png,malicious
malicious/malicious/malicious_318900.png,malicious
malicious/malicious/malicious_318907.png,malicious
malicious/malicious/malicious_318969.png,malicious
malicious/malicious/malicious_319042.png,malicious
malicious/malicious/malicious_319069.png,malicious
malicious/malicious/malicious_319073.png,malicious
malicious/malicious/malicious_319122.png,malicious
malicious/malicious/malicious_319130.png,malicious
malicious/malicious/malicious_319136.png,malicious
malicious/malicious/malicious_319152.png,malicious
malicious/malicious/malicious_319171.png,malicious
malicious/malicious/malicious_319181.png,malicious
malicious/malicious/malicious_319207.png,malicious
malicious/malicious/malicious_319221.png,malicious
malicious/malicious/malicious_319232.png,malicious
malicious/malicious/malicious_319256.png,malicious
malicious/malicious/malicious_319305.png,malicious
malicious/malicious/malicious_319314.png,malicious
malicious/malicious/malicious_319406.png,malicious
malicious/malicious/malicious_319425.png,malicious
malicious/malicious/malicious_319432.png,malicious
malicious/malicious/malicious_319455.png,malicious
malicious/malicious/malicious_319492.png,malicious
malicious/malicious/malicious_319602.png,malicious
malicious/malicious/malicious_319653.png,malicious
malicious/malicious/malicious_319671.png,malicious
malicious/malicious/malicious_319701.png,malicious
malicious/malicious/malicious_319726.png,malicious
malicious/malicious/malicious_319735.png,malicious
malicious/malicious/malicious_319738.png,malicious
malicious/malicious/malicious_319778.png,malicious
malicious/malicious/malicious_319780.png,malicious
malicious/malicious/malicious_319797.png,malicious
malicious/malicious/malicious_319810.png,malicious
malicious/malicious/malicious_319812.png,malicious
malicious/malicious/malicious_319813.png,malicious
malicious/malicious/malicious_319815.png,malicious
malicious/malicious/malicious_319818.png,malicious
malicious/malicious/malicious_319839.png,malicious
malicious/malicious/malicious_319855.png,malicious
malicious/malicious/malicious_319858.png,malicious
malicious/malicious/malicious_319911.png,malicious
malicious/malicious/malicious_319928.png,malicious
malicious/malicious/malicious_319941.png,malicious
malicious/malicious/malicious_320006.png,malicious
malicious/malicious/malicious_320011.png,malicious
malicious/malicious/malicious_320036.png,malicious
malicious/malicious/malicious_320062.png,malicious
malicious/malicious/malicious_320080.png,malicious
malicious/malicious/malicious_320087.png,malicious
malicious/malicious/malicious_320103.png,malicious
malicious/malicious/malicious_320111.png,malicious
malicious/malicious/malicious_320112.png,malicious
malicious/malicious/malicious_320137.png,malicious
malicious/malicious/malicious_320143.png,malicious
malicious/malicious/malicious_320144.png,malicious
malicious/malicious/malicious_320151.png,malicious
malicious/malicious/malicious_320158.png,malicious
malicious/malicious/malicious_320169.png,malicious
malicious/malicious/malicious_320173.png,malicious
malicious/malicious/malicious_320187.png,malicious
malicious/malicious/malicious_320196.png,malicious
malicious/malicious/malicious_320269.png,malicious
malicious/malicious/malicious_320276.png,malicious
malicious/malicious/malicious_320277.png,malicious
malicious/malicious/malicious_320339.png,malicious
malicious/malicious/malicious_320377.png,malicious
malicious/malicious/malicious_320428.png,malicious
malicious/malicious/malicious_320449.png,malicious
malicious/malicious/malicious_320450.png,malicious
malicious/malicious/malicious_320457.png,malicious
malicious/malicious/malicious_320459.png,malicious
malicious/malicious/malicious_320468.png,malicious
malicious/malicious/malicious_320502.png,malicious
malicious/malicious/malicious_320527.png,malicious
malicious/malicious/malicious_320545.png,malicious
malicious/malicious/malicious_320552.png,malicious
malicious/malicious/malicious_320553.png,malicious
malicious/malicious/malicious_320554.png,malicious
malicious/malicious/malicious_320556.png,malicious
malicious/malicious/malicious_320559.png,malicious
malicious/malicious/malicious_320568.png,malicious
malicious/malicious/malicious_320597.png,malicious
malicious/malicious/malicious_320624.png,malicious
malicious/malicious/malicious_320627.png,malicious
malicious/malicious/malicious_320640.png,malicious
malicious/malicious/malicious_320641.png,malicious
malicious/malicious/malicious_320658.png,malicious
malicious/malicious/malicious_320666.png,malicious
malicious/malicious/malicious_320668.png,malicious
malicious/malicious/malicious_320683.png,malicious
malicious/malicious/malicious_320711.png,malicious
malicious/malicious/malicious_320713.png,malicious
malicious/malicious/malicious_320717.png,malicious
malicious/malicious/malicious_320750.png,malicious
malicious/malicious/malicious_320755.png,malicious
malicious/malicious/malicious_320775.png,malicious
malicious/malicious/malicious_320777.png,malicious
malicious/malicious/malicious_320797.png,malicious
malicious/malicious/malicious_320809.png,malicious
malicious/malicious/malicious_320843.png,malicious
malicious/malicious/malicious_320866.png,malicious
malicious/malicious/malicious_320921.png,malicious
malicious/malicious/malicious_320926.png,malicious
malicious/malicious/malicious_320962.png,malicious
malicious/malicious/malicious_320971.png,malicious
malicious/malicious/malicious_320978.png,malicious
malicious/malicious/malicious_320984.png,malicious
malicious/malicious/malicious_320987.png,malicious
malicious/malicious/malicious_321032.png,malicious
malicious/malicious/malicious_321036.png,malicious
malicious/malicious/malicious_321058.png,malicious
malicious/malicious/malicious_321092.png,malicious
malicious/malicious/malicious_321106.png,malicious
malicious/malicious/malicious_321109.png,malicious
malicious/malicious/malicious_321116.png,malicious
malicious/malicious/malicious_321121.png,malicious
malicious/malicious/malicious_321126.png,malicious
malicious/malicious/malicious_321129.png,malicious
malicious/malicious/malicious_321131.png,malicious
malicious/malicious/malicious_321140.png,malicious
malicious/malicious/malicious_321174.png,malicious
malicious/malicious/malicious_321210.png,malicious
malicious/malicious/malicious_321251.png,malicious
malicious/malicious/malicious_321298.png,malicious
malicious/malicious/malicious_321333.png,malicious
malicious/malicious/malicious_321360.png,malicious
malicious/malicious/malicious_321363.png,malicious
malicious/malicious/malicious_321368.png,malicious
malicious/malicious/malicious_321401.png,malicious
malicious/malicious/malicious_321412.png,malicious
malicious/malicious/malicious_321434.png,malicious
malicious/malicious/malicious_321461.png,malicious
malicious/malicious/malicious_321469.png,malicious
malicious/malicious/malicious_321471.png,malicious
malicious/malicious/malicious_321473.png,malicious
malicious/malicious/malicious_321477.png,malicious
malicious/malicious/malicious_321490.png,malicious
malicious/malicious/malicious_321511.png,malicious
malicious/malicious/malicious_321515.png,malicious
malicious/malicious/malicious_321538.png,malicious
malicious/malicious/malicious_321576.png,malicious
malicious/malicious/malicious_321579.png,malicious
malicious/malicious/malicious_321598.png,malicious
malicious/malicious/malicious_321600.png,malicious
malicious/malicious/malicious_321630.png,malicious
malicious/malicious/malicious_321641.png,malicious
malicious/malicious/malicious_321643.png,malicious
malicious/malicious/malicious_321645.png,malicious
malicious/malicious/malicious_321647.png,malicious
malicious/malicious/malicious_321649.png,malicious
malicious/malicious/malicious_321651.png,malicious
malicious/malicious/malicious_321656.png,malicious
malicious/malicious/malicious_321663.png,malicious
malicious/malicious/malicious_321665.png,malicious
malicious/malicious/malicious_321677.png,malicious
malicious/malicious/malicious_321678.png,malicious
malicious/malicious/malicious_321679.png,malicious
malicious/malicious/malicious_321720.png,malicious
malicious/malicious/malicious_321724.png,malicious
malicious/malicious/malicious_321754.png,malicious
malicious/malicious/malicious_321759.png,malicious
malicious/malicious/malicious_321760.png,malicious
malicious/malicious/malicious_321793.png,malicious
malicious/malicious/malicious_321796.png,malicious
malicious/malicious/malicious_321797.png,malicious
malicious/malicious/malicious_321803.png,malicious
malicious/malicious/malicious_321815.png,malicious
malicious/malicious/malicious_321863.png,malicious
malicious/malicious/malicious_321876.png,malicious
malicious/malicious/malicious_321886.png,malicious
malicious/malicious/malicious_321891.png,malicious
malicious/malicious/malicious_321914.png,malicious
malicious/malicious/malicious_321926.png,malicious
malicious/malicious/malicious_321937.png,malicious
malicious/malicious/malicious_321949.png,malicious
malicious/malicious/malicious_321953.png,malicious
malicious/malicious/malicious_321985.png,malicious
malicious/malicious/malicious_321992.png,malicious
malicious/malicious/malicious_322043.png,malicious
malicious/malicious/malicious_322044.png,malicious
malicious/malicious/malicious_322081.png,malicious
malicious/malicious/malicious_322087.png,malicious
malicious/malicious/malicious_322139.png,malicious
malicious/malicious/malicious_322143.png,malicious
malicious/malicious/malicious_322160.png,malicious
malicious/malicious/malicious_322188.png,malicious
malicious/malicious/malicious_322248.png,malicious
malicious/malicious/malicious_322250.png,malicious
malicious/malicious/malicious_322253.png,malicious
malicious/malicious/malicious_322259.png,malicious
malicious/malicious/malicious_322283.png,malicious
malicious/malicious/malicious_322292.png,malicious
malicious/malicious/malicious_322366.png,malicious
malicious/malicious/malicious_322376.png,malicious
malicious/malicious/malicious_322393.png,malicious
malicious/malicious/malicious_322398.png,malicious
malicious/malicious/malicious_322401.png,malicious
malicious/malicious/malicious_322435.png,malicious
malicious/malicious/malicious_322484.png,malicious
malicious/malicious/malicious_322540.png,malicious
malicious/malicious/malicious_322555.png,malicious
malicious/malicious/malicious_322611.png,malicious
malicious/malicious/malicious_322615.png,malicious
malicious/malicious/malicious_322619.png,malicious
malicious/malicious/malicious_322621.png,malicious
malicious/malicious/malicious_322633.png,malicious
malicious/malicious/malicious_322642.png,malicious
malicious/malicious/malicious_322693.png,malicious
malicious/malicious/malicious_322694.png,malicious
malicious/malicious/malicious_322699.png,malicious
malicious/malicious/malicious_322723.png,malicious
malicious/malicious/malicious_322725.png,malicious
malicious/malicious/malicious_322737.png,malicious
malicious/malicious/malicious_322739.png,malicious
malicious/malicious/malicious_322740.png,malicious
malicious/malicious/malicious_322749.png,malicious
malicious/malicious/malicious_322758.png,malicious
malicious/malicious/malicious_322760.png,malicious
malicious/malicious/malicious_322762.png,malicious
malicious/malicious/malicious_322763.png,malicious
malicious/malicious/malicious_322771.png,malicious
malicious/malicious/malicious_322775.png,malicious
malicious/malicious/malicious_322776.png,malicious
malicious/malicious/malicious_322786.png,malicious
malicious/malicious/malicious_322787.png,malicious
malicious/malicious/malicious_322791.png,malicious
malicious/malicious/malicious_322793.png,malicious
malicious/malicious/malicious_322800.png,malicious
malicious/malicious/malicious_322826.png,malicious
malicious/malicious/malicious_322835.png,malicious
malicious/malicious/malicious_322836.png,malicious
malicious/malicious/malicious_322838.png,malicious
malicious/malicious/malicious_322862.png,malicious
malicious/malicious/malicious_322865.png,malicious
malicious/malicious/malicious_322866.png,malicious
malicious/malicious/malicious_322874.png,malicious
benign/benign/benign_113.png,benign
benign/benign/benign_12020.png,benign
benign/benign/benign_12096.png,benign
benign/benign/benign_12097.png,benign
benign/benign/benign_12098.png,benign
benign/benign/benign_12111.png,benign
benign/benign/benign_12624.png,benign
benign/benign/benign_12630.png,benign
benign/benign/benign_12634.png,benign
benign/benign/benign_12666.png,benign
benign/benign/benign_12684.png,benign
benign/benign/benign_12685.png,benign
benign/benign/benign_13174.png,benign
benign/benign/benign_13175.png,benign
benign/benign/benign_13191.png,benign
benign/benign/benign_13215.png,benign
benign/benign/benign_13216.png,benign
benign/benign/benign_13289.png,benign
benign/benign/benign_13290.png,benign
benign/benign/benign_13293.png,benign
benign/benign/benign_13296.png,benign
benign/benign/benign_13302.png,benign
benign/benign/benign_13307.png,benign
benign/benign/benign_13312.png,benign
benign/benign/benign_13315.png,benign
benign/benign/benign_13330.png,benign
benign/benign/benign_13331.png,benign
benign/benign/benign_13332.png,benign
benign/benign/benign_13334.png,benign
benign/benign/benign_13336.png,benign
benign/benign/benign_13340.png,benign
benign/benign/benign_13342.png,benign
benign/benign/benign_13355.png,benign
benign/benign/benign_13375.png,benign
benign/benign/benign_13384.png,benign
benign/benign/benign_13385.png,benign
benign/benign/benign_13387.png,benign
benign/benign/benign_13389.png,benign
benign/benign/benign_13392.png,benign
benign/benign/benign_13408.png,benign
benign/benign/benign_13419.png,benign
benign/benign/benign_13421.png,benign
benign/benign/benign_13433.png,benign
benign/benign/benign_13436.png,benign
benign/benign/benign_13441.png,benign
benign/benign/benign_13444.png,benign
benign/benign/benign_13446.png,benign
benign/benign/benign_13447.png,benign
benign/benign/benign_13448.png,benign
benign/benign/benign_13453.png,benign
benign/benign/benign_13478.png,benign
benign/benign/benign_13479.png,benign
benign/benign/benign_13481.png,benign
benign/benign/benign_13492.png,benign
benign/benign/benign_13499.png,benign
benign/benign/benign_13500.png,benign
benign/benign/benign_13502.png,benign
benign/benign/benign_13507.png,benign
benign/benign/benign_13510.png,benign
benign/benign/benign_13511.png,benign
benign/benign/benign_13513.png,benign
benign/benign/benign_13522.png,benign
benign/benign/benign_13533.png,benign
benign/benign/benign_13537.png,benign
benign/benign/benign_13725.png,benign
benign/benign/benign_13806.png,benign
benign/benign/benign_14077.png,benign
benign/benign/benign_14285.png,benign
benign/benign/benign_14292.png,benign
benign/benign/benign_14300.png,benign
benign/benign/benign_14307.png,benign
benign/benign/benign_14308.png,benign
benign/benign/benign_14309.png,benign
benign/benign/benign_14311.png,benign
benign/benign/benign_14320.png,benign
benign/benign/benign_14335.png,benign
benign/benign/benign_14339.png,benign
benign/benign/benign_14351.png,benign
benign/benign/benign_14355.png,benign
benign/benign/benign_14358.png,benign
benign/benign/benign_14361.png,benign
benign/benign/benign_14380.png,benign
benign/benign/benign_14388.png,benign
benign/benign/benign_14393.png,benign
benign/benign/benign_14420.png,benign
benign/benign/benign_14423.png,benign
benign/benign/benign_14643.png,benign
benign/benign/benign_14691.png,benign
benign/benign/benign_14777.png,benign
benign/benign/benign_14780.png,benign
benign/benign/benign_14784.png,benign
benign/benign/benign_14802.png,benign
benign/benign/benign_14804.png,benign
benign/benign/benign_14821.png,benign
benign/benign/benign_14845.png,benign
benign/benign/benign_14851.png,benign
benign/benign/benign_14874.png,benign
benign/benign/benign_14879.png,benign
benign/benign/benign_14894.png,benign
benign/benign/benign_14898.png,benign
benign/benign/benign_14904.png,benign
benign/benign/benign_14913.png,benign
benign/benign/benign_14927.png,benign
benign/benign/benign_14928.png,benign
benign/benign/benign_14929.png,benign
benign/benign/benign_14935.png,benign
benign/benign/benign_14944.png,benign
benign/benign/benign_14979.png,benign
benign/benign/benign_14981.png,benign
benign/benign/benign_14988.png,benign
benign/benign/benign_15182.png,benign
benign/benign/benign_15202.png,benign
benign/benign/benign_15205.png,benign
benign/benign/benign_15235.png,benign
benign/benign/benign_15240.png,benign
benign/benign/benign_15241.png,benign
benign/benign/benign_15261.png,benign
benign/benign/benign_15360.png,benign
benign/benign/benign_15368.png,benign
benign/benign/benign_15369.png,benign
benign/benign/benign_15387.png,benign
benign/benign/benign_15400.png,benign
benign/benign/benign_15407.png,benign
benign/benign/benign_15411.png,benign
benign/benign/benign_15422.png,benign
benign/benign/benign_15443.png,benign
benign/benign/benign_15445.png,benign
benign/benign/benign_15464.png,benign
benign/benign/benign_15504.png,benign
benign/benign/benign_15530.png,benign
benign/benign/benign_15593.png,benign
benign/benign/benign_16043.png,benign
benign/benign/benign_16062.png,benign
benign/benign/benign_16108.png,benign
benign/benign/benign_16109.png,benign
benign/benign/benign_16112.png,benign
benign/benign/benign_16167.png,benign
benign/benign/benign_16176.png,benign
benign/benign/benign_16219.png,benign
benign/benign/benign_16265.png,benign
benign/benign/benign_16273.png,benign
benign/benign/benign_16274.png,benign
benign/benign/benign_16275.png,benign
benign/benign/benign_16276.png,benign
benign/benign/benign_16285.png,benign
benign/benign/benign_16286.png,benign
benign/benign/benign_16287.png,benign
benign/benign/benign_16292.png,benign
benign/benign/benign_16295.png,benign
benign/benign/benign_16298.png,benign
benign/benign/benign_16303.png,benign
benign/benign/benign_16325.png,benign
benign/benign/benign_16329.png,benign
benign/benign/benign_16331.png,benign
benign/benign/benign_16337.png,benign
benign/benign/benign_16346.png,benign
benign/benign/benign_16355.png,benign
benign/benign/benign_16387.png,benign
benign/benign/benign_16389.png,benign
benign/benign/benign_16392.png,benign
benign/benign/benign_16405.png,benign
benign/benign/benign_16413.png,benign
benign/benign/benign_16461.png,benign
benign/benign/benign_16508.png,benign
benign/benign/benign_16572.png,benign
benign/benign/benign_16588.png,benign
benign/benign/benign_16603.png,benign
benign/benign/benign_16608.png,benign
benign/benign/benign_16632.png,benign
benign/benign/benign_16646.png,benign
benign/benign/benign_16662.png,benign
benign/benign/benign_16673.png,benign
benign/benign/benign_16682.png,benign
benign/benign/benign_16687.png,benign
benign/benign/benign_16695.png,benign
benign/benign/benign_16699.png,benign
benign/benign/benign_16700.png,benign
benign/benign/benign_16703.png,benign
benign/benign/benign_16736.png,benign
benign/benign/benign_16740.png,benign
benign/benign/benign_16741.png,benign
benign/benign/benign_16761.png,benign
benign/benign/benign_16765.png,benign
benign/benign/benign_16896.png,benign
benign/benign/benign_16908.png,benign
benign/benign/benign_16910.png,benign
benign/benign/benign_16911.png,benign
benign/benign/benign_16934.png,benign
benign/benign/benign_16938.png,benign
benign/benign/benign_16939.png,benign
benign/benign/benign_16949.png,benign
benign/benign/benign_16965.png,benign
benign/benign/benign_16966.png,benign
benign/benign/benign_16967.png,benign
benign/benign/benign_16982.png,benign
benign/benign/benign_17007.png,benign
benign/benign/benign_17027.png,benign
benign/benign/benign_17048.png,benign
benign/benign/benign_17077.png,benign
benign/benign/benign_17081.png,benign
benign/benign/benign_17115.png,benign
benign/benign/benign_17116.png,benign
benign/benign/benign_17121.png,benign
benign/benign/benign_17142.png,benign
benign/benign/benign_17178.png,benign
benign/benign/benign_17421.png,benign
benign/benign/benign_17424.png,benign
benign/benign/benign_17437.png,benign
benign/benign/benign_17439.png,benign
benign/benign/benign_17560.png,benign
benign/benign/benign_17616.png,benign
benign/benign/benign_17630.png,benign
benign/benign/benign_17633.png,benign
benign/benign/benign_17638.png,benign
benign/benign/benign_17639.png,benign
benign/benign/benign_17640.png,benign
benign/benign/benign_17674.png,benign
benign/benign/benign_17675.png,benign
benign/benign/benign_17679.png,benign
benign/benign/benign_17704.png,benign
benign/benign/benign_17709.png,benign
benign/benign/benign_17711.png,benign
benign/benign/benign_17713.png,benign
benign/benign/benign_17717.png,benign
benign/benign/benign_17732.png,benign
benign/benign/benign_17749.png,benign
benign/benign/benign_17781.png,benign
benign/benign/benign_17784.png,benign
benign/benign/benign_17786.png,benign
benign/benign/benign_17860.png,benign
benign/benign/benign_17861.png,benign
benign/benign/benign_17862.png,benign
benign/benign/benign_17864.png,benign
benign/benign/benign_17868.png,benign
benign/benign/benign_17871.png,benign
benign/benign/benign_17877.png,benign
benign/benign/benign_17880.png,benign
benign/benign/benign_17891.png,benign
benign/benign/benign_17893.png,benign
benign/benign/benign_17909.png,benign
benign/benign/benign_17914.png,benign
benign/benign/benign_17947.png,benign
benign/benign/benign_17954.png,benign
benign/benign/benign_17955.png,benign
benign/benign/benign_17989.png,benign
benign/benign/benign_17992.png,benign
benign/benign/benign_17993.png,benign
benign/benign/benign_18012.png,benign
benign/benign/benign_18018.png,benign
benign/benign/benign_18023.png,benign
benign/benign/benign_18026.png,benign
benign/benign/benign_18027.png,benign
benign/benign/benign_18039.png,benign
benign/benign/benign_18041.png,benign
benign/benign/benign_18053.png,benign
benign/benign/benign_18075.png,benign
benign/benign/benign_18094.png,benign
benign/benign/benign_18095.png,benign
benign/benign/benign_18099.png,benign
benign/benign/benign_18139.png,benign
benign/benign/benign_18142.png,benign
benign/benign/benign_18146.png,benign
benign/benign/benign_18147.png,benign
benign/benign/benign_18160.png,benign
benign/benign/benign_18171.png,benign
benign/benign/benign_18193.png,benign
benign/benign/benign_18195.png,benign
benign/benign/benign_18200.png,benign
benign/benign/benign_18224.png,benign
benign/benign/benign_18227.png,benign
benign/benign/benign_18241.png,benign
benign/benign/benign_18335.png,benign
benign/benign/benign_18337.png,benign
benign/benign/benign_18368.png,benign
benign/benign/benign_18376.png,benign
benign/benign/benign_18423.png,benign
benign/benign/benign_18437.png,benign
benign/benign/benign_18461.png,benign
benign/benign/benign_18477.png,benign
benign/benign/benign_18482.png,benign
benign/benign/benign_18504.png,benign
benign/benign/benign_18507.png,benign
benign/benign/benign_18561.png,benign
benign/benign/benign_18589.png,benign
benign/benign/benign_18610.png,benign
benign/benign/benign_18627.png,benign
benign/benign/benign_18641.png,benign
benign/benign/benign_18644.png,benign
benign/benign/benign_18676.png,benign
benign/benign/benign_18708.png,benign
benign/benign/benign_18824.png,benign
benign/benign/benign_18834.png,benign
benign/benign/benign_18855.png,benign
benign/benign/benign_18927.png,benign
benign/benign/benign_18962.png,benign
benign/benign/benign_18977.png,benign
malicious/malicious/malicious_316254.png,malicious
malicious/malicious/malicious_316255.png,malicious
malicious/malicious/malicious_316291.png,malicious
malicious/malicious/malicious_316299.png,malicious
malicious/malicious/malicious_316345.png,malicious
malicious/malicious/malicious_316384.png,malicious
malicious/malicious/malicious_316391.png,malicious
malicious/malicious/malicious_316393.png,malicious
malicious/malicious/malicious_316415.png,malicious
malicious/malicious/malicious_316454.png,malicious
malicious/malicious/malicious_316458.png,malicious
malicious/malicious/malicious_316463.png,malicious
malicious/malicious/malicious_316468.png,malicious
malicious/malicious/malicious_316473.png,malicious
malicious/malicious/malicious_316497.png,malicious
malicious/malicious/malicious_316502.png,malicious
malicious/malicious/malicious_316528.png,malicious
malicious/malicious/malicious_316611.png,malicious
malicious/malicious/malicious_316636.png,malicious
malicious/malicious/malicious_316650.png,malicious
malicious/malicious/malicious_316659.png,malicious
malicious/malicious/malicious_316670.png,malicious
malicious/malicious/malicious_316679.png,malicious
malicious/malicious/malicious_316710.png,malicious
malicious/malicious/malicious_316711.png,malicious
malicious/malicious/malicious_316732.png,malicious
malicious/malicious/malicious_316737.png,malicious
malicious/malicious/malicious_316740.png,malicious
malicious/malicious/malicious_316742.png,malicious
malicious/malicious/malicious_316768.png,malicious
malicious/malicious/malicious_316834.png,malicious
malicious/malicious/malicious_316839.png,malicious
malicious/malicious/malicious_316841.png,malicious
malicious/malicious/malicious_316952.png,malicious
malicious/malicious/malicious_316968.png,malicious
malicious/malicious/malicious_316986.png,malicious
malicious/malicious/malicious_316996.png,malicious
malicious/malicious/malicious_317012.png,malicious
malicious/malicious/malicious_317013.png,malicious
malicious/malicious/malicious_317016.png,malicious
malicious/malicious/malicious_317040.png,malicious
malicious/malicious/malicious_317046.png,malicious
malicious/malicious/malicious_317131.png,malicious
malicious/malicious/malicious_317138.png,malicious
malicious/malicious/malicious_317170.png,malicious
malicious/malicious/malicious_317172.png,malicious
malicious/malicious/malicious_317173.png,malicious
malicious/malicious/malicious_317174.png,malicious
malicious/malicious/malicious_317175.png,malicious
malicious/malicious/malicious_317176.png,malicious
malicious/malicious/malicious_317177.png,malicious
malicious/malicious/malicious_317178.png,malicious
malicious/malicious/malicious_317193.png,malicious
malicious/malicious/malicious_317207.png,malicious
malicious/malicious/malicious_317214.png,malicious
malicious/malicious/malicious_317216.png,malicious
malicious/malicious/malicious_317291.png,malicious
malicious/malicious/malicious_317293.png,malicious
malicious/malicious/malicious_317349.png,malicious
malicious/malicious/malicious_317361.png,malicious
malicious/malicious/malicious_317365.png,malicious
malicious/malicious/malicious_317373.png,malicious
malicious/malicious/malicious_317466.png,malicious
malicious/malicious/malicious_317483.png,malicious
malicious/malicious/malicious_317492.png,malicious
malicious/malicious/malicious_317545.png,malicious
malicious/malicious/malicious_317582.png,malicious
malicious/malicious/malicious_317608.png,malicious
malicious/malicious/malicious_317677.png,malicious
malicious/malicious/malicious_317697.png,malicious
malicious/malicious/malicious_317700.png,malicious
malicious/malicious/malicious_317740.png,malicious
malicious/malicious/malicious_317741.png,malicious
malicious/malicious/malicious_317747.png,malicious
malicious/malicious/malicious_317759.png,malicious
malicious/malicious/malicious_317760.png,malicious
malicious/malicious/malicious_317781.png,malicious
malicious/malicious/malicious_317789.png,malicious
malicious/malicious/malicious_317790.png,malicious
malicious/malicious/malicious_317897.png,malicious
malicious/malicious/malicious_317926.png,malicious
malicious/malicious/malicious_317930.png,malicious
malicious/malicious/malicious_317935.png,malicious
malicious/malicious/malicious_318006.png,malicious
malicious/malicious/malicious_318206.png,malicious
malicious/malicious/malicious_318243.png,malicious
malicious/malicious/malicious_318313.png,malicious
malicious/malicious/malicious_318355.png,malicious
malicious/malicious/malicious_318371.png,malicious
malicious/malicious/malicious_318392.png,malicious
malicious/malicious/malicious_318490.png,malicious
malicious/malicious/malicious_318620.png,malicious
malicious/malicious/malicious_318731.png,malicious
malicious/malicious/malicious_318741.png,malicious
malicious/malicious/malicious_318756.png,malicious
malicious/malicious/malicious_318791.png,malicious
malicious/malicious/malicious_318808.png,malicious
malicious/malicious/malicious_318814.png,malicious
malicious/malicious/malicious_318816.png,malicious
malicious/malicious/malicious_318838.png,malicious
malicious/malicious/malicious_318839.png,malicious
malicious/malicious/malicious_318861.png,malicious
malicious/malicious/malicious_318887.png,malicious
malicious/malicious/malicious_318916.png,malicious
malicious/malicious/malicious_318952.png,malicious
malicious/malicious/malicious_318956.png,malicious
malicious/malicious/malicious_318965.png,malicious
malicious/malicious/malicious_319078.png,malicious
malicious/malicious/malicious_319082.png,malicious
malicious/malicious/malicious_319091.png,malicious
malicious/malicious/malicious_319142.png,malicious
malicious/malicious/malicious_319147.png,malicious
malicious/malicious/malicious_319162.png,malicious
malicious/malicious/malicious_319163.png,malicious
malicious/malicious/malicious_319194.png,malicious
malicious/malicious/malicious_319195.png,malicious
malicious/malicious/malicious_319224.png,malicious
malicious/malicious/malicious_319236.png,malicious
malicious/malicious/malicious_319242.png,malicious
malicious/malicious/malicious_319300.png,malicious
malicious/malicious/malicious_319357.png,malicious
malicious/malicious/malicious_319362.png,malicious
malicious/malicious/malicious_319366.png,malicious
malicious/malicious/malicious_319375.png,malicious
malicious/malicious/malicious_319376.png,malicious
malicious/malicious/malicious_319405.png,malicious
malicious/malicious/malicious_319429.png,malicious
malicious/malicious/malicious_319480.png,malicious
malicious/malicious/malicious_319511.png,malicious
malicious/malicious/malicious_319516.png,malicious
malicious/malicious/malicious_319528.png,malicious
malicious/malicious/malicious_319599.png,malicious
malicious/malicious/malicious_319654.png,malicious
malicious/malicious/malicious_319669.png,malicious
malicious/malicious/malicious_319689.png,malicious
malicious/malicious/malicious_319699.png,malicious
malicious/malicious/malicious_319708.png,malicious
malicious/malicious/malicious_319712.png,malicious
malicious/malicious/malicious_319724.png,malicious
malicious/malicious/malicious_319725.png,malicious
malicious/malicious/malicious_319745.png,malicious
malicious/malicious/malicious_319759.png,malicious
malicious/malicious/malicious_319760.png,malicious
malicious/malicious/malicious_319849.png,malicious
malicious/malicious/malicious_319859.png,malicious
malicious/malicious/malicious_319866.png,malicious
malicious/malicious/malicious_319878.png,malicious
malicious/malicious/malicious_319883.png,malicious
malicious/malicious/malicious_319899.png,malicious
malicious/malicious/malicious_319927.png,malicious
malicious/malicious/malicious_319997.png,malicious
malicious/malicious/malicious_320005.png,malicious
malicious/malicious/malicious_320078.png,malicious
malicious/malicious/malicious_320109.png,malicious
malicious/malicious/malicious_320130.png,malicious
malicious/malicious/malicious_320140.png,malicious
malicious/malicious/malicious_320165.png,malicious
malicious/malicious/malicious_320168.png,malicious
malicious/malicious/malicious_320186.png,malicious
malicious/malicious/malicious_320254.png,malicious
malicious/malicious/malicious_320275.png,malicious
malicious/malicious/malicious_320278.png,malicious
malicious/malicious/malicious_320279.png,malicious
malicious/malicious/malicious_320316.png,malicious
malicious/malicious/malicious_320317.png,malicious
malicious/malicious/malicious_320362.png,malicious
malicious/malicious/malicious_320366.png,malicious
malicious/malicious/malicious_320390.png,malicious
malicious/malicious/malicious_320397.png,malicious
malicious/malicious/malicious_320419.png,malicious
malicious/malicious/malicious_320421.png,malicious
malicious/malicious/malicious_320423.png,malicious
malicious/malicious/malicious_320424.png,malicious
malicious/malicious/malicious_320426.png,malicious
malicious/malicious/malicious_320441.png,malicious
malicious/malicious/malicious_320452.png,malicious
malicious/malicious/malicious_320469.png,malicious
malicious/malicious/malicious_320470.png,malicious
malicious/malicious/malicious_320480.png,malicious
malicious/malicious/malicious_320504.png,malicious
malicious/malicious/malicious_320515.png,malicious
malicious/malicious/malicious_320517.png,malicious
malicious/malicious/malicious_320529.png,malicious
malicious/malicious/malicious_320542.png,malicious
malicious/malicious/malicious_320586.png,malicious
malicious/malicious/malicious_320619.png,malicious
malicious/malicious/malicious_320622.png,malicious
malicious/malicious/malicious_320629.png,malicious
malicious/malicious/malicious_320667.png,malicious
malicious/malicious/malicious_320700.png,malicious
malicious/malicious/malicious_320712.png,malicious
malicious/malicious/malicious_320723.png,malicious
malicious/malicious/malicious_320733.png,malicious
malicious/malicious/malicious_320740.png,malicious
malicious/malicious/malicious_320793.png,malicious
malicious/malicious/malicious_320798.png,malicious
malicious/malicious/malicious_320799.png,malicious
malicious/malicious/malicious_320802.png,malicious
malicious/malicious/malicious_320804.png,malicious
malicious/malicious/malicious_320823.png,malicious
malicious/malicious/malicious_320831.png,malicious
malicious/malicious/malicious_320832.png,malicious
malicious/malicious/malicious_320868.png,malicious
malicious/malicious/malicious_320885.png,malicious
malicious/malicious/malicious_320889.png,malicious
malicious/malicious/malicious_320890.png,malicious
malicious/malicious/malicious_320927.png,malicious
malicious/malicious/malicious_320938.png,malicious
malicious/malicious/malicious_320945.png,malicious
malicious/malicious/malicious_320946.png,malicious
malicious/malicious/malicious_320974.png,malicious
malicious/malicious/malicious_320985.png,malicious
malicious/malicious/malicious_320998.png,malicious
malicious/malicious/malicious_321000.png,malicious
malicious/malicious/malicious_321018.png,malicious
malicious/malicious/malicious_321022.png,malicious
malicious/malicious/malicious_321029.png,malicious
malicious/malicious/malicious_321063.png,malicious
malicious/malicious/malicious_321067.png,malicious
malicious/malicious/malicious_321080.png,malicious
malicious/malicious/malicious_321122.png,malicious
malicious/malicious/malicious_321147.png,malicious
malicious/malicious/malicious_321156.png,malicious
malicious/malicious/malicious_321168.png,malicious
malicious/malicious/malicious_321187.png,malicious
malicious/malicious/malicious_321192.png,malicious
malicious/malicious/malicious_321245.png,malicious
malicious/malicious/malicious_321349.png,malicious
malicious/malicious/malicious_321351.png,malicious
malicious/malicious/malicious_321359.png,malicious
malicious/malicious/malicious_321361.png,malicious
malicious/malicious/malicious_321381.png,malicious
malicious/malicious/malicious_321413.png,malicious
malicious/malicious/malicious_321431.png,malicious
malicious/malicious/malicious_321435.png,malicious
malicious/malicious/malicious_321467.png,malicious
malicious/malicious/malicious_321485.png,malicious
malicious/malicious/malicious_321486.png,malicious
malicious/malicious/malicious_321500.png,malicious
malicious/malicious/malicious_321516.png,malicious
malicious/malicious/malicious_321541.png,malicious
malicious/malicious/malicious_321564.png,malicious
malicious/malicious/malicious_321565.png,malicious
malicious/malicious/malicious_321566.png,malicious
malicious/malicious/malicious_321567.png,malicious
malicious/malicious/malicious_321572.png,malicious
malicious/malicious/malicious_321573.png,malicious
malicious/malicious/malicious_321584.png,malicious
malicious/malicious/malicious_321603.png,malicious
malicious/malicious/malicious_321604.png,malicious
malicious/malicious/malicious_321606.png,malicious
malicious/malicious/malicious_321607.png,malicious
malicious/malicious/malicious_321626.png,malicious
malicious/malicious/malicious_321629.png,malicious
malicious/malicious/malicious_321636.png,malicious
malicious/malicious/malicious_321639.png,malicious
malicious/malicious/malicious_321668.png,malicious
malicious/malicious/malicious_321676.png,malicious
malicious/malicious/malicious_321697.png,malicious
malicious/malicious/malicious_321698.png,malicious
malicious/malicious/malicious_321699.png,malicious
malicious/malicious/malicious_321700.png,malicious
malicious/malicious/malicious_321701.png,malicious
malicious/malicious/malicious_321702.png,malicious
malicious/malicious/malicious_321703.png,malicious
malicious/malicious/malicious_321704.png,malicious
malicious/malicious/malicious_321705.png,malicious
malicious/malicious/malicious_321706.png,malicious
malicious/malicious/malicious_321749.png,malicious
malicious/malicious/malicious_321755.png,malicious
malicious/malicious/malicious_321780.png,malicious
malicious/malicious/malicious_321798.png,malicious
malicious/malicious/malicious_321847.png,malicious
malicious/malicious/malicious_321912.png,malicious
malicious/malicious/malicious_321920.png,malicious
malicious/malicious/malicious_321924.png,malicious
malicious/malicious/malicious_321929.png,malicious
malicious/malicious/malicious_321933.png,malicious
malicious/malicious/malicious_321956.png,malicious
malicious/malicious/malicious_321968.png,malicious
malicious/malicious/malicious_321970.png,malicious
malicious/malicious/malicious_322011.png,malicious
malicious/malicious/malicious_322067.png,malicious
malicious/malicious/malicious_322068.png,malicious
malicious/malicious/malicious_322092.png,malicious
malicious/malicious/malicious_322095.png,malicious
malicious/malicious/malicious_322099.png,malicious
malicious/malicious/malicious_322127.png,malicious
malicious/malicious/malicious_322132.png,malicious
malicious/malicious/malicious_322203.png,malicious
malicious/malicious/malicious_322220.png,malicious
malicious/malicious/malicious_322262.png,malicious
malicious/malicious/malicious_322267.png,malicious
malicious/malicious/malicious_322330.png,malicious
malicious/malicious/malicious_322377.png,malicious
malicious/malicious/malicious_322469.png,malicious
